"Data Source","World Development Indicators",

"Last Updated Date","2026-07-13",

"Country Name","Country Code","Indicator Name","Indicator Code","1960","1961","1962","1963","1964","1965","1966","1967","1968","1969","1970","1971","1972","1973","1974","1975","1976","1977","1978","1979","1980","1981","1982","1983","1984","1985","1986","1987","1988","1989","1990","1991","1992","1993","1994","1995","1996","1997","1998","1999","2000","2001","2002","2003","2004","2005","2006","2007","2008","2009","2010","2011","2012","2013","2014","2015","2016","2017","2018","2019","2020","2021","2022","2023","2024","2025",
"Aruba","ABW","Control of Corruption - Governance score (0-100)","GOV_WGI_CC_SC","","","","","","","","","","","","","","","","","","","","","","","","","","","","","","","","","","","","","","","","","","","","","67.4139308","74.7177667","74.8834153","74.7647595","74.7962998","68.7340129","68.7420791","68.7218781","68.6799032","68.6830933","65.9705839","71.3541176","71.3809882","71.3617628","71.394461","71.4395105","71.4508296","65.4491579","65.4415876","65.4155873","65.4406362","",
"Aruba","ABW","Control of Corruption - Governance score (0-100)","GOV_WGI_CC_SC","","","","","","","","","","","","","","","","","","","","","","","","","","","","","","","","","","","","","","","","","","","","","67.4139308","74.7177667","74.8834153","74.7647595","74.7962998","68.7340129","68.7420791","68.7218781","68.6799032","68.6830933","65.9705839","71.3541176","71.3809882","71.3617628","71.394461","71.4395105","71.4508296","65.4491579","65.4415876","65.4155873","65.4406362","",
"Africa Eastern and Southern","AFE","Control of Corruption - Governance score (0-100)","GOV_WGI_CC_SC","","","","","","","","","","","","","","","","","","","","","","","","","","","","","","","","","","","","","","","","","","","","","","","","","","","","","","","","","","","","","","","","","","",
"Africa Eastern and Southern","AFE","Control of Corruption - Governance score (0-100)","GOV_WGI_CC_SC","","","","","","","","","","","","","","","","","","","","","","","","","","","","","","","","","","","","","","","","","","","","","","","","","","","","","","","","","","","","","","","","","","",
"Afghanistan","AFG","Control of Corruption - Governance score (0-100)","GOV_WGI_CC_SC","","","","","","","","","","","","","","","","","","","","","","","","","","","","","","","","","","","","","13.088573","","14.8745787","","14.7103186","","16.6134945","16.5738272","17.3443576","16.0452499","17.0449084","16.0812697","15.214009","16.215216","14.371945","15.6169815","14.7503847","15.7507639","16.2618788","17.0972591","16.1765911","16.6116262","16.686024","17.4649243","19.4986641","23.1191682","24.1318765","23.5902009","21.3643608","",
"Afghanistan","AFG","Control of Corruption - Governance score (0-100)","GOV_WGI_CC_SC","","","","","","","","","","","","","","","","","","","","","","","","","","","","","","","","","","","","","13.088573","","14.8745787","","14.7103186","","16.6134945","16.5738272","17.3443576","16.0452499","17.0449084","16.0812697","15.214009","16.215216","14.371945","15.6169815","14.7503847","15.7507639","16.2618788","17.0972591","16.1765911","16.6116262","16.686024","17.4649243","19.4986641","23.1191682","24.1318765","23.5902009","21.3643608","",
"Africa Western and Central","AFW","Control of Corruption - Governance score (0-100)","GOV_WGI_CC_SC","","","","","","","","","","","","","","","","","","","","","","","","","","","","","","","","","","","","","","","","","","","","","","","","","","","","","","","","","","","","","","","","","","",
"Africa Western and Central","AFW","Control of Corruption - Governance score (0-100)","GOV_WGI_CC_SC","","","","","","","","","","","","","","","","","","","","","","","","","","","","","","","","","","","","","","","","","","","","","","","","","","","","","","","","","","","","","","","","","","",
"Angola","AGO","Control of Corruption - Governance score (0-100)","GOV_WGI_CC_SC","","","","","","","","","","","","","","","","","","","","","","","","","","","","","","","","","","","","","25.2637507","","22.0118814","","21.9369655","","21.4569456","21.0722451","23.102135","21.6605916","21.6056905","21.9372286","22.1495785","22.0978088","20.9936978","20.1489376","18.718187","18.2839535","17.767013","17.7806659","17.7314932","19.095467","23.9337463","28.3258192","29.8027732","34.8668347","35.646071","35.2190131","35.2528671","",
"Angola","AGO","Control of Corruption - Governance score (0-100)","GOV_WGI_CC_SC","","","","","","","","","","","","","","","","","","","","","","","","","","","","","","","","","","","","","25.2637507","","22.0118814","","21.9369655","","21.4569456","21.0722451","23.102135","21.6605916","21.6056905","21.9372286","22.1495785","22.0978088","20.9936978","20.1489376","18.718187","18.2839535","17.767013","17.7806659","17.7314932","19.095467","23.9337463","28.3258192","29.8027732","34.8668347","35.646071","35.2190131","35.2528671","",
"Albania","ALB","Control of Corruption - Governance score (0-100)","GOV_WGI_CC_SC","","","","","","","","","","","","","","","","","","","","","","","","","","","","","","","","","","","","","30.9014999","","36.4551191","","27.9620505","","27.6063683","27.4519375","32.5637023","29.9809776","33.7922723","34.1877454","34.8230664","36.2266306","37.6546668","33.8997731","31.2036027","31.3472083","34.1743313","35.9826918","37.608593","36.3908461","35.9708424","36.9548927","34.5069402","35.6688164","37.7248301","38.4618567","39.3379974","",
"Albania","ALB","Control of Corruption - Governance score (0-100)","GOV_WGI_CC_SC","","","","","","","","","","","","","","","","","","","","","","","","","","","","","","","","","","","","","30.9014999","","36.4551191","","27.9620505","","27.6063683","27.4519375","32.5637023","29.9809776","33.7922723","34.1877454","34.8230664","36.2266306","37.6546668","33.8997731","31.2036027","31.3472083","34.1743313","35.9826918","37.608593","36.3908461","35.9708424","36.9548927","34.5069402","35.6688164","37.7248301","38.4618567","39.3379974","",
"Andorra","AND","Control of Corruption - Governance score (0-100)","GOV_WGI_CC_SC","","","","","","","","","","","","","","","","","","","","","","","","","","","","","","","","","","","","","","","","","","","","","","","","","","","","","","","","","","","","","","","","","","",
"Andorra","AND","Control of Corruption - Governance score (0-100)","GOV_WGI_CC_SC","","","","","","","","","","","","","","","","","","","","","","","","","","","","","","","","","","","","","","","","","","","","","","","","","","","","","","","","","","","","","","","","","","",
"Arab World","ARB","Control of Corruption - Governance score (0-100)","GOV_WGI_CC_SC","","","","","","","","","","","","","","","","","","","","","","","","","","","","","","","","","","","","","","","","","","","","","","","","","","","","","","","","","","","","","","","","","","",
"Arab World","ARB","Control of Corruption - Governance score (0-100)","GOV_WGI_CC_SC","","","","","","","","","","","","","","","","","","","","","","","","","","","","","","","","","","","","","","","","","","","","","","","","","","","","","","","","","","","","","","","","","","",
"United Arab Emirates","ARE","Control of Corruption - Governance score (0-100)","GOV_WGI_CC_SC","","","","","","","","","","","","","","","","","","","","","","","","","","","","","","","","","","","","","52.7409578","","52.7153361","","52.6404201","","63.4581763","65.8020347","63.5406545","63.1856888","63.6768901","63.6019944","66.3212037","64.9619361","66.2764335","70.7669876","69.9074996","71.1592968","67.8064972","66.4758996","70.2507657","69.6390726","70.015474","69.8741699","69.3398258","68.8044696","68.5486955","67.9315494","71.5418396","",
"United Arab Emirates","ARE","Control of Corruption - Governance score (0-100)","GOV_WGI_CC_SC","","","","","","","","","","","","","","","","","","","","","","","","","","","","","","","","","","","","","52.7409578","","52.7153361","","52.6404201","","63.4581763","65.8020347","63.5406545","63.1856888","63.6768901","63.6019944","66.3212037","64.9619361","66.2764335","70.7669876","69.9074996","71.1592968","67.8064972","66.4758996","70.2507657","69.6390726","70.015474","69.8741699","69.3398258","68.8044696","68.5486955","67.9315494","71.5418396","",
"Argentina","ARG","Control of Corruption - Governance score (0-100)","GOV_WGI_CC_SC","","","","","","","","","","","","","","","","","","","","","","","","","","","","","","","","","","","","","43.3037026","","39.4043147","","41.6788195","","36.4762512","36.7579365","39.6472232","39.9792532","41.3602947","39.6714463","39.4793602","39.8188047","40.4201705","40.9800858","37.393715","37.3840031","34.3728744","34.7962848","43.4145878","44.2489681","47.7387342","46.1402602","45.1329544","41.22917","40.9679996","40.6877373","41.2619998","",
"Argentina","ARG","Control of Corruption - Governance score (0-100)","GOV_WGI_CC_SC","","","","","","","","","","","","","","","","","","","","","","","","","","","","","","","","","","","","","43.3037026","","39.4043147","","41.6788195","","36.4762512","36.7579365","39.6472232","39.9792532","41.3602947","39.6714463","39.4793602","39.8188047","40.4201705","40.9800858","37.393715","37.3840031","34.3728744","34.7962848","43.4145878","44.2489681","47.7387342","46.1402602","45.1329544","41.22917","40.9679996","40.6877373","41.2619998","",
"Armenia","ARM","Control of Corruption - Governance score (0-100)","GOV_WGI_CC_SC","","","","","","","","","","","","","","","","","","","","","","","","","","","","","","","","","","","","","36.2702248","","34.8201941","","31.1625144","","28.826945","28.7991837","34.249229","35.7346763","35.1272866","33.5721618","32.4790279","32.9693305","34.2652259","34.1433537","35.3382337","37.0434211","34.919991","35.2404023","36.1010481","36.4364948","44.5303761","46.7952054","49.9924934","48.9851107","49.0185983","49.9723308","50.7833909","",
"Armenia","ARM","Control of Corruption - Governance score (0-100)","GOV_WGI_CC_SC","","","","","","","","","","","","","","","","","","","","","","","","","","","","","","","","","","","","","36.2702248","","34.8201941","","31.1625144","","28.826945","28.7991837","34.249229","35.7346763","35.1272866","33.5721618","32.4790279","32.9693305","34.2652259","34.1433537","35.3382337","37.0434211","34.919991","35.2404023","36.1010481","36.4364948","44.5303761","46.7952054","49.9924934","48.9851107","49.0185983","49.9723308","50.7833909","",
"American Samoa","ASM","Control of Corruption - Governance score (0-100)","GOV_WGI_CC_SC","","","","","","","","","","","","","","","","","","","","","","","","","","","","","","","","","","","","","","","","","","","","","61.2894861","65.2440201","55.9359241","55.8172683","55.8488086","55.8476974","55.8667386","55.8190455","55.7199429","55.7274728","71.4287157","71.5074391","71.5708781","84.1571533","84.2343525","84.3407096","71.7357717","71.6837307","71.6658595","71.604473","71.6636167","",
"American Samoa","ASM","Control of Corruption - Governance score (0-100)","GOV_WGI_CC_SC","","","","","","","","","","","","","","","","","","","","","","","","","","","","","","","","","","","","","","","","","","","","","61.2894861","65.2440201","55.9359241","55.8172683","55.8488086","55.8476974","55.8667386","55.8190455","55.7199429","55.7274728","71.4287157","71.5074391","71.5708781","84.1571533","84.2343525","84.3407096","71.7357717","71.6837307","71.6658595","71.604473","71.6636167","",
"Antigua and Barbuda","ATG","Control of Corruption - Governance score (0-100)","GOV_WGI_CC_SC","","","","","","","","","","","","","","","","","","","","","","","","","","","","","","","","","","","","","65.962627","","65.8721878","","65.6077625","","65.4205688","65.3567128","60.3873958","61.6709622","69.134022","69.0421558","69.0665752","69.0657149","74.8142298","74.7665367","74.6674341","74.674964","58.797059","60.7413353","60.7677242","51.8166929","52.4338411","52.295138","52.3062547","51.5284433","52.6506623","53.2927704","53.6112689","",
"Antigua and Barbuda","ATG","Control of Corruption - Governance score (0-100)","GOV_WGI_CC_SC","","","","","","","","","","","","","","","","","","","","","","","","","","","","","","","","","","","","","65.962627","","65.8721878","","65.6077625","","65.4205688","65.3567128","60.3873958","61.6709622","69.134022","69.0421558","69.0665752","69.0657149","74.8142298","74.7665367","74.6674341","74.674964","58.797059","60.7413353","60.7677242","51.8166929","52.4338411","52.295138","52.3062547","51.5284433","52.6506623","53.2927704","53.6112689","",
"Australia","AUS","Control of Corruption - Governance score (0-100)","GOV_WGI_CC_SC","","","","","","","","","","","","","","","","","","","","","","","","","","","","","","","","","","","","","91.3808672","","91.3864295","","89.5404441","","88.6586378","88.9345583","83.7516182","83.8804536","83.2165677","85.6301035","88.0829848","87.7794468","88.2098405","87.7087957","87.6005622","82.8742935","85.5670045","85.3916238","84.176233","84.1740874","83.6549548","84.0151407","80.3186803","81.8010164","82.8487082","84.4063894","85.3425462","",
"Australia","AUS","Control of Corruption - Governance score (0-100)","GOV_WGI_CC_SC","","","","","","","","","","","","","","","","","","","","","","","","","","","","","","","","","","","","","91.3808672","","91.3864295","","89.5404441","","88.6586378","88.9345583","83.7516182","83.8804536","83.2165677","85.6301035","88.0829848","87.7794468","88.2098405","87.7087957","87.6005622","82.8742935","85.5670045","85.3916238","84.176233","84.1740874","83.6549548","84.0151407","80.3186803","81.8010164","82.8487082","84.4063894","85.3425462","",
"Austria","AUT","Control of Corruption - Governance score (0-100)","GOV_WGI_CC_SC","","","","","","","","","","","","","","","","","","","","","","","","","","","","","","","","","","","","","86.9234728","","83.6287967","","82.0712531","","85.6985361","87.9717434","86.9145503","87.349213","87.193005","87.638256","85.3544077","84.385579","81.6075357","79.7921696","75.6280326","77.1379701","76.6206977","78.0446694","78.5810579","79.5783037","80.9458723","80.3973652","80.3611551","75.3856847","75.5418927","74.5754384","74.0564191","",
"Austria","AUT","Control of Corruption - Governance score (0-100)","GOV_WGI_CC_SC","","","","","","","","","","","","","","","","","","","","","","","","","","","","","","","","","","","","","86.9234728","","83.6287967","","82.0712531","","85.6985361","87.9717434","86.9145503","87.349213","87.193005","87.638256","85.3544077","84.385579","81.6075357","79.7921696","75.6280326","77.1379701","76.6206977","78.0446694","78.5810579","79.5783037","80.9458723","80.3973652","80.3611551","75.3856847","75.5418927","74.5754384","74.0564191","",
"Azerbaijan","AZE","Control of Corruption - Governance score (0-100)","GOV_WGI_CC_SC","","","","","","","","","","","","","","","","","","","","","","","","","","","","","","","","","","","","","17.8974596","","21.3452386","","19.8914268","","19.6829228","22.2531666","22.6420388","24.4234315","24.7378352","24.2508218","24.0753318","24.7424401","22.8819395","24.312014","24.100494","27.558576","25.1486007","28.8929466","32.6269874","30.4755734","29.5057873","32.5706735","32.4751638","32.1511758","31.0498764","30.0026199","32.1660634","",
"Azerbaijan","AZE","Control of Corruption - Governance score (0-100)","GOV_WGI_CC_SC","","","","","","","","","","","","","","","","","","","","","","","","","","","","","","","","","","","","","17.8974596","","21.3452386","","19.8914268","","19.6829228","22.2531666","22.6420388","24.4234315","24.7378352","24.2508218","24.0753318","24.7424401","22.8819395","24.312014","24.100494","27.558576","25.1486007","28.8929466","32.6269874","30.4755734","29.5057873","32.5706735","32.4751638","32.1511758","31.0498764","30.0026199","32.1660634","",
"Burundi","BDI","Control of Corruption - Governance score (0-100)","GOV_WGI_CC_SC","","","","","","","","","","","","","","","","","","","","","","","","","","","","","","","","","","","","","30.2683204","","30.212138","","29.4438847","","33.6724425","33.6327751","28.4592069","26.4109276","26.254422","24.8220076","24.6121676","23.9381326","22.7374898","22.4524081","19.5571703","20.5934356","22.2174322","22.3776682","21.732111","21.2849695","18.2082157","18.0867463","20.4686101","19.7065852","21.0647395","21.7016617","18.251816","",
"Burundi","BDI","Control of Corruption - Governance score (0-100)","GOV_WGI_CC_SC","","","","","","","","","","","","","","","","","","","","","","","","","","","","","","","","","","","","","30.2683204","","30.212138","","29.4438847","","33.6724425","33.6327751","28.4592069","26.4109276","26.254422","24.8220076","24.6121676","23.9381326","22.7374898","22.4524081","19.5571703","20.5934356","22.2174322","22.3776682","21.732111","21.2849695","18.2082157","18.0867463","20.4686101","19.7065852","21.0647395","21.7016617","18.251816","",
"Belgium","BEL","Control of Corruption - Governance score (0-100)","GOV_WGI_CC_SC","","","","","","","","","","","","","","","","","","","","","","","","","","","","","","","","","","","","","78.2349074","","72.923383","","77.2136552","","79.420029","77.3283154","76.2542206","77.6414398","76.3326869","75.9228485","76.2882527","79.3926382","78.1287041","79.5628594","77.937871","78.2235823","78.5216794","78.7119478","79.128812","77.0539333","77.2933117","78.1642118","79.5583496","79.23356","79.7844434","77.5494825","77.5852129","",
"Belgium","BEL","Control of Corruption - Governance score (0-100)","GOV_WGI_CC_SC","","","","","","","","","","","","","","","","","","","","","","","","","","","","","","","","","","","","","78.2349074","","72.923383","","77.2136552","","79.420029","77.3283154","76.2542206","77.6414398","76.3326869","75.9228485","76.2882527","79.3926382","78.1287041","79.5628594","77.937871","78.2235823","78.5216794","78.7119478","79.128812","77.0539333","77.2933117","78.1642118","79.5583496","79.23356","79.7844434","77.5494825","77.5852129","",
"Benin","BEN","Control of Corruption - Governance score (0-100)","GOV_WGI_CC_SC","","","","","","","","","","","","","","","","","","","","","","","","","","","","","","","","","","","","","32.2877798","","31.114206","","30.949948","","30.8336644","30.7939971","37.5436623","33.5905796","39.1935639","41.0088207","40.623853","38.7877414","37.7502777","37.8241856","34.1433739","36.2390164","35.556401","37.5874164","39.0787377","39.7150182","41.941421","42.9989501","47.1409996","44.5298255","45.6118468","45.7341806","42.9823784","",
"Benin","BEN","Control of Corruption - Governance score (0-100)","GOV_WGI_CC_SC","","","","","","","","","","","","","","","","","","","","","","","","","","","","","","","","","","","","","32.2877798","","31.114206","","30.949948","","30.8336644","30.7939971","37.5436623","33.5905796","39.1935639","41.0088207","40.623853","38.7877414","37.7502777","37.8241856","34.1433739","36.2390164","35.556401","37.5874164","39.0787377","39.7150182","41.941421","42.9989501","47.1409996","44.5298255","45.6118468","45.7341806","42.9823784","",
"Burkina Faso","BFA","Control of Corruption - Governance score (0-100)","GOV_WGI_CC_SC","","","","","","","","","","","","","","","","","","","","","","","","","","","","","","","","","","","","","52.3516625","","47.0590113","","47.4526849","","47.3663669","47.1127445","41.944516","41.7538124","41.1800013","40.5028329","40.9896357","39.9852002","40.1281034","40.8175463","40.260143","38.7055203","38.847124","41.1989292","43.3757038","44.7673558","44.666051","43.7888072","43.7695312","43.7564207","43.1141164","42.8354957","42.7426883","",
"Burkina Faso","BFA","Control of Corruption - Governance score (0-100)","GOV_WGI_CC_SC","","","","","","","","","","","","","","","","","","","","","","","","","","","","","","","","","","","","","52.3516625","","47.0590113","","47.4526849","","47.3663669","47.1127445","41.944516","41.7538124","41.1800013","40.5028329","40.9896357","39.9852002","40.1281034","40.8175463","40.260143","38.7055203","38.847124","41.1989292","43.3757038","44.7673558","44.666051","43.7888072","43.7695312","43.7564207","43.1141164","42.8354957","42.7426883","",
"Bangladesh","BGD","Control of Corruption - Governance score (0-100)","GOV_WGI_CC_SC","","","","","","","","","","","","","","","","","","","","","","","","","","","","","","","","","","","","","30.2023957","","30.176772","","24.7802311","","18.5183687","18.2398532","17.1748732","18.2366531","18.9112993","24.6268326","28.6576407","29.4117654","27.1710842","26.553092","25.1573288","24.929229","23.8775902","25.9977736","26.2613123","26.3545731","25.660416","25.5760817","26.0737663","25.7330264","24.0032436","23.5908891","25.5454805","",
"Bangladesh","BGD","Control of Corruption - Governance score (0-100)","GOV_WGI_CC_SC","","","","","","","","","","","","","","","","","","","","","","","","","","","","","","","","","","","","","30.2023957","","30.176772","","24.7802311","","18.5183687","18.2398532","17.1748732","18.2366531","18.9112993","24.6268326","28.6576407","29.4117654","27.1710842","26.553092","25.1573288","24.929229","23.8775902","25.9977736","26.2613123","26.3545731","25.660416","25.5760817","26.0737663","25.7330264","24.0032436","23.5908891","25.5454805","",
"Bulgaria","BGR","Control of Corruption - Governance score (0-100)","GOV_WGI_CC_SC","","","","","","","","","","","","","","","","","","","","","","","","","","","","","","","","","","","","","43.9734707","","48.7417447","","44.8362094","","47.8386423","46.7179435","50.5708265","48.3313759","50.018099","46.6108637","45.5943217","42.8218873","41.3648571","40.6526081","40.6232903","40.809482","39.9521316","38.9746983","40.8835863","41.6127977","44.0211942","45.3187211","42.6240972","43.2790039","45.0830509","44.815976","42.9964948","",
"Bulgaria","BGR","Control of Corruption - Governance score (0-100)","GOV_WGI_CC_SC","","","","","","","","","","","","","","","","","","","","","","","","","","","","","","","","","","","","","43.9734707","","48.7417447","","44.8362094","","47.8386423","46.7179435","50.5708265","48.3313759","50.018099","46.6108637","45.5943217","42.8218873","41.3648571","40.6526081","40.6232903","40.809482","39.9521316","38.9746983","40.8835863","41.6127977","44.0211942","45.3187211","42.6240972","43.2790039","45.0830509","44.815976","42.9964948","",
"Bahrain","BHR","Control of Corruption - Governance score (0-100)","GOV_WGI_CC_SC","","","","","","","","","","","","","","","","","","","","","","","","","","","","","","","","","","","","","50.0345068","","50.0035311","","49.9129685","","59.1944691","55.3993575","52.391342","50.8843496","50.0366625","49.9647362","48.3089787","49.4400635","50.9319456","51.8308761","51.2212153","51.8427336","47.4409974","48.6359928","46.0789263","44.9557944","45.0015605","46.1637586","45.9821495","52.1075132","50.7864899","52.6731466","52.9975172","",
"Bahrain","BHR","Control of Corruption - Governance score (0-100)","GOV_WGI_CC_SC","","","","","","","","","","","","","","","","","","","","","","","","","","","","","","","","","","","","","50.0345068","","50.0035311","","49.9129685","","59.1944691","55.3993575","52.391342","50.8843496","50.0366625","49.9647362","48.3089787","49.4400635","50.9319456","51.8308761","51.2212153","51.8427336","47.4409974","48.6359928","46.0789263","44.9557944","45.0015605","46.1637586","45.9821495","52.1075132","50.7864899","52.6731466","52.9975172","",
"Bahamas, The","BHS","Control of Corruption - Governance score (0-100)","GOV_WGI_CC_SC","","","","","","","","","","","","","","","","","","","","","","","","","","","","","","","","","","","","","75.0508432","","74.9928269","","74.8231968","","74.7031098","74.662147","71.3777232","74.5898544","74.6961184","74.6200001","74.6402335","77.8907912","77.897313","77.8809781","77.8470371","77.8496159","74.3616412","69.8937253","69.9083963","69.6533793","70.1768051","72.3987063","72.4048394","72.7166886","72.8143702","72.5488762","72.7942056","",
"Bahamas, The","BHS","Control of Corruption - Governance score (0-100)","GOV_WGI_CC_SC","","","","","","","","","","","","","","","","","","","","","","","","","","","","","","","","","","","","","75.0508432","","74.9928269","","74.8231968","","74.7031098","74.662147","71.3777232","74.5898544","74.6961184","74.6200001","74.6402335","77.8907912","77.897313","77.8809781","77.8470371","77.8496159","74.3616412","69.8937253","69.9083963","69.6533793","70.1768051","72.3987063","72.4048394","72.7166886","72.8143702","72.5488762","72.7942056","",
"Bosnia and Herzegovina","BIH","Control of Corruption - Governance score (0-100)","GOV_WGI_CC_SC","","","","","","","","","","","","","","","","","","","","","","","","","","","","","","","","","","","","","37.265499","","37.9406372","","35.6263234","","40.3365022","40.4098372","38.9767528","39.4135104","40.882807","39.1236942","38.7691981","39.2495601","38.4693339","37.7057808","39.6379992","41.3150751","40.683608","37.8880355","38.3736239","36.175877","34.8913674","34.9254825","35.2107606","34.3131275","34.0893452","35.7419633","37.4735881","",
"Bosnia and Herzegovina","BIH","Control of Corruption - Governance score (0-100)","GOV_WGI_CC_SC","","","","","","","","","","","","","","","","","","","","","","","","","","","","","","","","","","","","","37.265499","","37.9406372","","35.6263234","","40.3365022","40.4098372","38.9767528","39.4135104","40.882807","39.1236942","38.7691981","39.2495601","38.4693339","37.7057808","39.6379992","41.3150751","40.683608","37.8880355","38.3736239","36.175877","34.8913674","34.9254825","35.2107606","34.3131275","34.0893452","35.7419633","37.4735881","",
"Belarus","BLR","Control of Corruption - Governance score (0-100)","GOV_WGI_CC_SC","","","","","","","","","","","","","","","","","","","","","","","","","","","","","","","","","","","","","36.30435","","48.2898363","","40.5795807","","37.3752871","37.3475258","40.8237867","41.9628872","37.7698695","37.7163691","38.2567148","38.2883605","36.5084009","38.554235","41.568153","42.210929","44.7729587","42.9853256","44.8948917","45.5875165","45.2800597","48.1996906","45.8019695","43.6795333","39.4543234","37.0386886","36.1526013","",
"Belarus","BLR","Control of Corruption - Governance score (0-100)","GOV_WGI_CC_SC","","","","","","","","","","","","","","","","","","","","","","","","","","","","","","","","","","","","","36.30435","","48.2898363","","40.5795807","","37.3752871","37.3475258","40.8237867","41.9628872","37.7698695","37.7163691","38.2567148","38.2883605","36.5084009","38.554235","41.568153","42.210929","44.7729587","42.9853256","44.8948917","45.5875165","45.2800597","48.1996906","45.8019695","43.6795333","39.4543234","37.0386886","36.1526013","",
"Belize","BLZ","Control of Corruption - Governance score (0-100)","GOV_WGI_CC_SC","","","","","","","","","","","","","","","","","","","","","","","","","","","","","","","","","","","","","47.0151357","","46.9246966","","46.6602713","","46.4730776","46.4092216","45.8167316","44.8776257","42.3673292","42.2342533","48.1583635","52.9023233","51.5438654","46.479146","46.3306581","46.3329616","42.0415316","42.451868","45.3554493","43.8241368","45.6640437","46.3235149","46.3301035","46.034901","46.9254536","45.5070827","44.6078242","",
"Belize","BLZ","Control of Corruption - Governance score (0-100)","GOV_WGI_CC_SC","","","","","","","","","","","","","","","","","","","","","","","","","","","","","","","","","","","","","47.0151357","","46.9246966","","46.6602713","","46.4730776","46.4092216","45.8167316","44.8776257","42.3673292","42.2342533","48.1583635","52.9023233","51.5438654","46.479146","46.3306581","46.3329616","42.0415316","42.451868","45.3554493","43.8241368","45.6640437","46.3235149","46.3301035","46.034901","46.9254536","45.5070827","44.6078242","",
"Bermuda","BMU","Control of Corruption - Governance score (0-100)","GOV_WGI_CC_SC","","","","","","","","","","","","","","","","","","","","","","","","","","","","","","","","","","","","","75.4363736","","75.3459324","","75.0815091","","74.8943134","74.8304574","69.710594","74.7177667","74.8834153","74.7647595","74.7962998","74.7951886","74.8142298","74.7665367","74.6674341","74.674964","71.4287157","71.5074391","71.5708781","71.5254905","71.6026897","71.7090468","71.7357717","71.6837307","71.6658595","71.604473","71.6636167","",
"Bermuda","BMU","Control of Corruption - Governance score (0-100)","GOV_WGI_CC_SC","","","","","","","","","","","","","","","","","","","","","","","","","","","","","","","","","","","","","75.4363736","","75.3459324","","75.0815091","","74.8943134","74.8304574","69.710594","74.7177667","74.8834153","74.7647595","74.7962998","74.7951886","74.8142298","74.7665367","74.6674341","74.674964","71.4287157","71.5074391","71.5708781","71.5254905","71.6026897","71.7090468","71.7357717","71.6837307","71.6658595","71.604473","71.6636167","",
"Bolivia","BOL","Control of Corruption - Governance score (0-100)","GOV_WGI_CC_SC","","","","","","","","","","","","","","","","","","","","","","","","","","","","","","","","","","","","","36.215684","","39.8868425","","38.6975107","","30.9195614","30.7430107","35.205593","32.4357292","38.6977536","38.1387128","36.8071012","36.7465425","39.5307454","36.1516823","33.7077963","35.9976867","34.8810281","32.5785616","32.0993595","31.3711581","31.1809484","31.1916865","31.5692114","28.647605","27.9688233","28.511009","27.6622228","",
"Bolivia","BOL","Control of Corruption - Governance score (0-100)","GOV_WGI_CC_SC","","","","","","","","","","","","","","","","","","","","","","","","","","","","","","","","","","","","","36.215684","","39.8868425","","38.6975107","","30.9195614","30.7430107","35.205593","32.4357292","38.6977536","38.1387128","36.8071012","36.7465425","39.5307454","36.1516823","33.7077963","35.9976867","34.8810281","32.5785616","32.0993595","31.3711581","31.1809484","31.1916865","31.5692114","28.647605","27.9688233","28.511009","27.6622228","",
"Brazil","BRA","Control of Corruption - Governance score (0-100)","GOV_WGI_CC_SC","","","","","","","","","","","","","","","","","","","","","","","","","","","","","","","","","","","","","50.2719582","","51.2506323","","50.093608","","49.8338706","48.9438342","45.746281","42.8518974","43.5378628","42.0305749","45.9939726","47.0410631","47.5492491","52.1005157","47.6243331","46.6228548","43.0944497","40.744618","40.4298743","38.3540827","39.6038112","40.3095121","41.0287424","39.6653253","38.6190444","38.7156512","39.5782583","",
"Brazil","BRA","Control of Corruption - Governance score (0-100)","GOV_WGI_CC_SC","","","","","","","","","","","","","","","","","","","","","","","","","","","","","","","","","","","","","50.2719582","","51.2506323","","50.093608","","49.8338706","48.9438342","45.746281","42.8518974","43.5378628","42.0305749","45.9939726","47.0410631","47.5492491","52.1005157","47.6243331","46.6228548","43.0944497","40.744618","40.4298743","38.3540827","39.6038112","40.3095121","41.0287424","39.6653253","38.6190444","38.7156512","39.5782583","",
"Barbados","BRB","Control of Corruption - Governance score (0-100)","GOV_WGI_CC_SC","","","","","","","","","","","","","","","","","","","","","","","","","","","","","","","","","","","","","77.3866191","","77.3304387","","77.1661787","","77.0498951","77.0102278","71.3065601","75.1976166","75.9608115","74.9729356","74.8881438","73.2248807","74.983194","78.5026361","77.1088364","76.6432892","67.5042344","72.2911771","71.0519722","70.3188562","70.8309468","71.033937","71.5279357","72.0370427","71.9965839","72.3259177","72.6663418","",
"Barbados","BRB","Control of Corruption - Governance score (0-100)","GOV_WGI_CC_SC","","","","","","","","","","","","","","","","","","","","","","","","","","","","","","","","","","","","","77.3866191","","77.3304387","","77.1661787","","77.0498951","77.0102278","71.3065601","75.1976166","75.9608115","74.9729356","74.8881438","73.2248807","74.983194","78.5026361","77.1088364","76.6432892","67.5042344","72.2911771","71.0519722","70.3188562","70.8309468","71.033937","71.5279357","72.0370427","71.9965839","72.3259177","72.6663418","",
"Brunei Darussalam","BRN","Control of Corruption - Governance score (0-100)","GOV_WGI_CC_SC","","","","","","","","","","","","","","","","","","","","","","","","","","","","","","","","","","","","","62.8959211","","55.5328241","","55.363194","","51.5905707","51.5496059","52.0712707","51.4773152","51.5835792","51.507461","53.507027","66.6113277","66.6488393","66.9895347","67.4308345","68.0219258","72.2192144","72.2423363","69.8278654","72.4826904","72.467989","71.8039492","71.8117969","71.7965125","71.7912639","71.7732347","71.8648783","",
"Brunei Darussalam","BRN","Control of Corruption - Governance score (0-100)","GOV_WGI_CC_SC","","","","","","","","","","","","","","","","","","","","","","","","","","","","","","","","","","","","","62.8959211","","55.5328241","","55.363194","","51.5905707","51.5496059","52.0712707","51.4773152","51.5835792","51.507461","53.507027","66.6113277","66.6488393","66.9895347","67.4308345","68.0219258","72.2192144","72.2423363","69.8278654","72.4826904","72.467989","71.8039492","71.8117969","71.7965125","71.7912639","71.7732347","71.8648783","",
"Bhutan","BTN","Control of Corruption - Governance score (0-100)","GOV_WGI_CC_SC","","","","","","","","","","","","","","","","","","","","","","","","","","","","","","","","","","","","","63.2911735","","62.9631959","","56.7931066","","57.5224151","69.46421","62.9366208","67.8679383","64.3445774","64.9425832","65.4802671","63.4781992","63.4821949","62.3095117","64.3226052","63.7486423","69.9262453","69.6925042","71.519246","77.2291116","77.2441309","77.4890271","75.0214788","74.5710095","75.3237234","75.3103134","77.655202","",
"Bhutan","BTN","Control of Corruption - Governance score (0-100)","GOV_WGI_CC_SC","","","","","","","","","","","","","","","","","","","","","","","","","","","","","","","","","","","","","63.2911735","","62.9631959","","56.7931066","","57.5224151","69.46421","62.9366208","67.8679383","64.3445774","64.9425832","65.4802671","63.4781992","63.4821949","62.3095117","64.3226052","63.7486423","69.9262453","69.6925042","71.519246","77.2291116","77.2441309","77.4890271","75.0214788","74.5710095","75.3237234","75.3103134","77.655202","",
"Botswana","BWA","Control of Corruption - Governance score (0-100)","GOV_WGI_CC_SC","","","","","","","","","","","","","","","","","","","","","","","","","","","","","","","","","","","","","67.9252968","","67.899675","","67.7145682","","63.7179298","72.9478672","66.9708983","71.5509645","66.6706313","66.5961283","68.6937484","66.7928355","68.3382929","68.2009541","68.8205677","67.7044778","64.4845881","63.9617756","65.2207707","63.6246184","65.0852111","64.499753","62.4659545","62.06231","61.0252289","60.1351054","60.6300979","",
"Botswana","BWA","Control of Corruption - Governance score (0-100)","GOV_WGI_CC_SC","","","","","","","","","","","","","","","","","","","","","","","","","","","","","","","","","","","","","67.9252968","","67.899675","","67.7145682","","63.7179298","72.9478672","66.9708983","71.5509645","66.6706313","66.5961283","68.6937484","66.7928355","68.3382929","68.2009541","68.8205677","67.7044778","64.4845881","63.9617756","65.2207707","63.6246184","65.0852111","64.499753","62.4659545","62.06231","61.0252289","60.1351054","60.6300979","",
"Central African Republic","CAF","Control of Corruption - Governance score (0-100)","GOV_WGI_CC_SC","","","","","","","","","","","","","","","","","","","","","","","","","","","","","","","","","","","","","22.8693735","","22.8131932","","22.3469375","","28.1156838","24.7238422","21.2684888","21.9324233","25.1705931","26.615023","24.6376963","25.6634097","28.0213704","28.011956","28.603104","24.8788984","22.5320383","20.2003309","21.3751495","23.9539919","23.1421404","23.5361459","22.5042325","21.2114421","21.1886683","19.8884311","21.3390083","",
"Central African Republic","CAF","Control of Corruption - Governance score (0-100)","GOV_WGI_CC_SC","","","","","","","","","","","","","","","","","","","","","","","","","","","","","","","","","","","","","22.8693735","","22.8131932","","22.3469375","","28.1156838","24.7238422","21.2684888","21.9324233","25.1705931","26.615023","24.6376963","25.6634097","28.0213704","28.011956","28.603104","24.8788984","22.5320383","20.2003309","21.3751495","23.9539919","23.1421404","23.5361459","22.5042325","21.2114421","21.1886683","19.8884311","21.3390083","",
"Canada","CAN","Control of Corruption - Governance score (0-100)","GOV_WGI_CC_SC","","","","","","","","","","","","","","","","","","","","","","","","","","","","","","","","","","","","","91.9717095","","92.0418322","","89.6070246","","86.1874298","87.5609212","82.7547469","86.6426195","87.8560144","87.011234","87.1737998","87.6852326","87.1611954","86.0960272","85.1142379","84.88077","84.6510205","85.6654897","87.1382334","85.9923561","84.4384176","84.1986505","81.0957447","80.5573179","81.2937211","80.7748172","80.8871678","",
"Canada","CAN","Control of Corruption - Governance score (0-100)","GOV_WGI_CC_SC","","","","","","","","","","","","","","","","","","","","","","","","","","","","","","","","","","","","","91.9717095","","92.0418322","","89.6070246","","86.1874298","87.5609212","82.7547469","86.6426195","87.8560144","87.011234","87.1737998","87.6852326","87.1611954","86.0960272","85.1142379","84.88077","84.6510205","85.6654897","87.1382334","85.9923561","84.4384176","84.1986505","81.0957447","80.5573179","81.2937211","80.7748172","80.8871678","",
"Central Europe and the Baltics","CEB","Control of Corruption - Governance score (0-100)","GOV_WGI_CC_SC","","","","","","","","","","","","","","","","","","","","","","","","","","","","","","","","","","","","","","","","","","","","","","","","","","","","","","","","","","","","","","","","","","",
"Central Europe and the Baltics","CEB","Control of Corruption - Governance score (0-100)","GOV_WGI_CC_SC","","","","","","","","","","","","","","","","","","","","","","","","","","","","","","","","","","","","","","","","","","","","","","","","","","","","","","","","","","","","","","","","","","",
"Switzerland","CHE","Control of Corruption - Governance score (0-100)","GOV_WGI_CC_SC","","","","","","","","","","","","","","","","","","","","","","","","","","","","","","","","","","","","","90.5103233","","90.3952158","","88.4661105","","88.1765553","87.830002","85.6495758","87.976065","92.2399402","91.9886354","91.9063576","89.3479795","89.6517806","90.1442976","91.6767417","90.9516434","93.6158058","93.8076591","94.0670585","94.4661871","94.2843777","94.4299892","94.1447698","90.4825802","90.2596865","90.3062623","88.484008","",
"Switzerland","CHE","Control of Corruption - Governance score (0-100)","GOV_WGI_CC_SC","","","","","","","","","","","","","","","","","","","","","","","","","","","","","","","","","","","","","90.5103233","","90.3952158","","88.4661105","","88.1765553","87.830002","85.6495758","87.976065","92.2399402","91.9886354","91.9063576","89.3479795","89.6517806","90.1442976","91.6767417","90.9516434","93.6158058","93.8076591","94.0670585","94.4661871","94.2843777","94.4299892","94.1447698","90.4825802","90.2596865","90.3062623","88.484008","",
"Channel Islands","CHI","Control of Corruption - Governance score (0-100)","GOV_WGI_CC_SC","","","","","","","","","","","","","","","","","","","","","","","","","","","","","","","","","","","","","","","","","","","","","","","","","","","","","","","","","","","","","","","","","","",
"Channel Islands","CHI","Control of Corruption - Governance score (0-100)","GOV_WGI_CC_SC","","","","","","","","","","","","","","","","","","","","","","","","","","","","","","","","","","","","","","","","","","","","","","","","","","","","","","","","","","","","","","","","","","",
"Chile","CHL","Control of Corruption - Governance score (0-100)","GOV_WGI_CC_SC","","","","","","","","","","","","","","","","","","","","","","","","","","","","","","","","","","","","","80.0529494","","75.6138534","","78.977207","","79.2941975","71.6569694","73.5204354","78.2591203","77.6368065","76.1191286","76.0875721","76.6083827","78.3670523","79.1117828","77.8060014","76.8236292","75.9109364","71.0080764","70.1943404","70.3707838","70.3659016","71.2750258","72.4609793","71.0577107","71.0373983","68.740733","70.2378516","",
"Chile","CHL","Control of Corruption - Governance score (0-100)","GOV_WGI_CC_SC","","","","","","","","","","","","","","","","","","","","","","","","","","","","","","","","","","","","","80.0529494","","75.6138534","","78.977207","","79.2941975","71.6569694","73.5204354","78.2591203","77.6368065","76.1191286","76.0875721","76.6083827","78.3670523","79.1117828","77.8060014","76.8236292","75.9109364","71.0080764","70.1943404","70.3707838","70.3659016","71.2750258","72.4609793","71.0577107","71.0373983","68.740733","70.2378516","",
"China","CHN","Control of Corruption - Governance score (0-100)","GOV_WGI_CC_SC","","","","","","","","","","","","","","","","","","","","","","","","","","","","","","","","","","","","","41.1593023","","39.0797498","","37.5234045","","35.9973224","37.298517","34.9186166","34.3457083","33.9572813","35.4229223","37.5953591","36.123917","35.9293412","38.9461941","37.5960069","38.5837917","41.7532112","44.3109113","45.9730125","46.8579481","46.4348595","46.8505275","48.929991","48.9819814","48.7299338","50.1587695","49.649869","",
"China","CHN","Control of Corruption - Governance score (0-100)","GOV_WGI_CC_SC","","","","","","","","","","","","","","","","","","","","","","","","","","","","","","","","","","","","","41.1593023","","39.0797498","","37.5234045","","35.9973224","37.298517","34.9186166","34.3457083","33.9572813","35.4229223","37.5953591","36.123917","35.9293412","38.9461941","37.5960069","38.5837917","41.7532112","44.3109113","45.9730125","46.8579481","46.4348595","46.8505275","48.929991","48.9819814","48.7299338","50.1587695","49.649869","",
"Cote d'Ivoire","CIV","Control of Corruption - Governance score (0-100)","GOV_WGI_CC_SC","","","","","","","","","","","","","","","","","","","","","","","","","","","","","","","","","","","","","49.2481211","","37.9966415","","32.7489285","","32.4204206","30.0074981","24.2136462","22.142915","24.7179033","26.486975","29.2888507","29.3271902","27.4978534","29.4878756","30.9520936","32.5535127","39.2502483","39.1358108","38.3125896","38.44403","38.0747455","37.1247819","38.0109482","38.8093512","40.3592658","40.5339482","42.0850347","",
"Cote d'Ivoire","CIV","Control of Corruption - Governance score (0-100)","GOV_WGI_CC_SC","","","","","","","","","","","","","","","","","","","","","","","","","","","","","","","","","","","","","49.2481211","","37.9966415","","32.7489285","","32.4204206","30.0074981","24.2136462","22.142915","24.7179033","26.486975","29.2888507","29.3271902","27.4978534","29.4878756","30.9520936","32.5535127","39.2502483","39.1358108","38.3125896","38.44403","38.0747455","37.1247819","38.0109482","38.8093512","40.3592658","40.5339482","42.0850347","",
"Cameroon","CMR","Control of Corruption - Governance score (0-100)","GOV_WGI_CC_SC","","","","","","","","","","","","","","","","","","","","","","","","","","","","","","","","","","","","","23.7210989","","24.4690317","","24.3941157","","20.3412767","26.3118088","24.4523324","22.9156659","30.6113091","31.1058321","32.3143954","31.9292759","29.15353","26.6473649","22.8753488","24.1828305","23.9685739","25.6845763","24.9683741","24.4152459","25.2599595","24.9071192","26.4452349","25.2724202","25.3807225","25.0542347","23.0734123","",
"Cameroon","CMR","Control of Corruption - Governance score (0-100)","GOV_WGI_CC_SC","","","","","","","","","","","","","","","","","","","","","","","","","","","","","","","","","","","","","23.7210989","","24.4690317","","24.3941157","","20.3412767","26.3118088","24.4523324","22.9156659","30.6113091","31.1058321","32.3143954","31.9292759","29.15353","26.6473649","22.8753488","24.1828305","23.9685739","25.6845763","24.9683741","24.4152459","25.2599595","24.9071192","26.4452349","25.2724202","25.3807225","25.0542347","23.0734123","",
"Congo, Dem. Rep.","COD","Control of Corruption - Governance score (0-100)","GOV_WGI_CC_SC","","","","","","","","","","","","","","","","","","","","","","","","","","","","","","","","","","","","","10.852608","","15.5462454","","15.4243145","","15.3379965","15.3309686","16.8973841","16.8265104","17.2973244","19.550025","21.1366516","19.6451096","19.1302419","19.6106181","20.0611825","20.1118065","18.7643175","19.652597","19.1326851","18.8312663","16.8537109","16.3382056","18.3567866","17.4080699","17.2848698","17.713211","17.1820286","",
"Congo, Dem. Rep.","COD","Control of Corruption - Governance score (0-100)","GOV_WGI_CC_SC","","","","","","","","","","","","","","","","","","","","","","","","","","","","","","","","","","","","","10.852608","","15.5462454","","15.4243145","","15.3379965","15.3309686","16.8973841","16.8265104","17.2973244","19.550025","21.1366516","19.6451096","19.1302419","19.6106181","20.0611825","20.1118065","18.7643175","19.652597","19.1326851","18.8312663","16.8537109","16.3382056","18.3567866","17.4080699","17.2848698","17.713211","17.1820286","",
"Congo, Rep.","COG","Control of Corruption - Governance score (0-100)","GOV_WGI_CC_SC","","","","","","","","","","","","","","","","","","","","","","","","","","","","","","","","","","","","","32.7702975","","34.1237072","","37.8098607","","27.2216476","27.1922022","28.3793642","25.4344152","24.7853461","25.523478","23.3943661","23.3941657","24.1159525","25.1294967","23.0857798","23.7171194","22.0401123","21.9077367","22.152892","21.4502638","20.1366895","17.5994637","20.1187109","20.6671169","20.2483782","19.4276913","19.0396064","",
"Congo, Rep.","COG","Control of Corruption - Governance score (0-100)","GOV_WGI_CC_SC","","","","","","","","","","","","","","","","","","","","","","","","","","","","","","","","","","","","","32.7702975","","34.1237072","","37.8098607","","27.2216476","27.1922022","28.3793642","25.4344152","24.7853461","25.523478","23.3943661","23.3941657","24.1159525","25.1294967","23.0857798","23.7171194","22.0401123","21.9077367","22.152892","21.4502638","20.1366895","17.5994637","20.1187109","20.6671169","20.2483782","19.4276913","19.0396064","",
"Colombia","COL","Control of Corruption - Governance score (0-100)","GOV_WGI_CC_SC","","","","","","","","","","","","","","","","","","","","","","","","","","","","","","","","","","","","","37.435449","","35.8747902","","35.2865308","","43.1304513","44.2469541","46.3593505","45.8270002","43.7548743","42.5056073","43.1971573","41.9935632","40.2418143","43.6714103","39.5560695","38.9235722","40.3387065","41.4314416","40.3758051","39.5383299","41.405998","42.3435637","42.6636046","42.3947687","42.6648919","41.6000941","41.90949","",
"Colombia","COL","Control of Corruption - Governance score (0-100)","GOV_WGI_CC_SC","","","","","","","","","","","","","","","","","","","","","","","","","","","","","","","","","","","","","37.435449","","35.8747902","","35.2865308","","43.1304513","44.2469541","46.3593505","45.8270002","43.7548743","42.5056073","43.1971573","41.9935632","40.2418143","43.6714103","39.5560695","38.9235722","40.3387065","41.4314416","40.3758051","39.5383299","41.405998","42.3435637","42.6636046","42.3947687","42.6648919","41.6000941","41.90949","",
"Comoros","COM","Control of Corruption - Governance score (0-100)","GOV_WGI_CC_SC","","","","","","","","","","","","","","","","","","","","","","","","","","","","","","","","","","","","","29.4792001","","28.0036307","","28.201769","","34.6953099","34.6556426","32.2108316","30.8710424","35.0576152","35.0147517","32.0723046","31.555771","31.7612064","31.7714264","32.070242","31.2149886","31.5387722","30.7159821","30.375307","28.74004","27.1369084","22.1531127","21.0871975","19.3385253","20.7877038","24.5196456","24.7636371","",
"Comoros","COM","Control of Corruption - Governance score (0-100)","GOV_WGI_CC_SC","","","","","","","","","","","","","","","","","","","","","","","","","","","","","","","","","","","","","29.4792001","","28.0036307","","28.201769","","34.6953099","34.6556426","32.2108316","30.8710424","35.0576152","35.0147517","32.0723046","31.555771","31.7612064","31.7714264","32.070242","31.2149886","31.5387722","30.7159821","30.375307","28.74004","27.1369084","22.1531127","21.0871975","19.3385253","20.7877038","24.5196456","24.7636371","",
"Cabo Verde","CPV","Control of Corruption - Governance score (0-100)","GOV_WGI_CC_SC","","","","","","","","","","","","","","","","","","","","","","","","","","","","","","","","","","","","","65.0982709","","64.9819165","","66.455567","","53.896209","53.8612012","52.4006207","59.4301271","62.1935743","63.9516609","65.827871","65.7831594","64.9829812","66.5241636","65.7111016","64.5614837","65.8252477","65.8486206","65.1886737","64.2113881","65.5147284","65.8582393","64.0534049","66.023554","65.187026","65.3016194","66.8974053","",
"Cabo Verde","CPV","Control of Corruption - Governance score (0-100)","GOV_WGI_CC_SC","","","","","","","","","","","","","","","","","","","","","","","","","","","","","","","","","","","","","65.0982709","","64.9819165","","66.455567","","53.896209","53.8612012","52.4006207","59.4301271","62.1935743","63.9516609","65.827871","65.7831594","64.9829812","66.5241636","65.7111016","64.5614837","65.8252477","65.8486206","65.1886737","64.2113881","65.5147284","65.8582393","64.0534049","66.023554","65.187026","65.3016194","66.8974053","",
"Costa Rica","CRI","Control of Corruption - Governance score (0-100)","GOV_WGI_CC_SC","","","","","","","","","","","","","","","","","","","","","","","","","","","","","","","","","","","","","67.2795189","","67.2569921","","68.5921845","","57.143028","57.622973","55.5280511","55.6495671","55.9348432","57.0957135","57.7269153","60.3773986","62.0102548","61.1718727","61.4268371","61.2814766","63.6632595","63.4401897","64.1176151","59.7032522","61.0056411","62.5292538","63.1650182","59.8166838","59.3313828","61.5697363","61.6036307","",
"Costa Rica","CRI","Control of Corruption - Governance score (0-100)","GOV_WGI_CC_SC","","","","","","","","","","","","","","","","","","","","","","","","","","","","","","","","","","","","","67.2795189","","67.2569921","","68.5921845","","57.143028","57.622973","55.5280511","55.6495671","55.9348432","57.0957135","57.7269153","60.3773986","62.0102548","61.1718727","61.4268371","61.2814766","63.6632595","63.4401897","64.1176151","59.7032522","61.0056411","62.5292538","63.1650182","59.8166838","59.3313828","61.5697363","61.6036307","",
"Caribbean small states","CSS","Control of Corruption - Governance score (0-100)","GOV_WGI_CC_SC","","","","","","","","","","","","","","","","","","","","","","","","","","","","","","","","","","","","","","","","","","","","","","","","","","","","","","","","","","","","","","","","","","",
"Caribbean small states","CSS","Control of Corruption - Governance score (0-100)","GOV_WGI_CC_SC","","","","","","","","","","","","","","","","","","","","","","","","","","","","","","","","","","","","","","","","","","","","","","","","","","","","","","","","","","","","","","","","","","",
"Cuba","CUB","Control of Corruption - Governance score (0-100)","GOV_WGI_CC_SC","","","","","","","","","","","","","","","","","","","","","","","","","","","","","","","","","","","","","47.1676152","","43.9157439","","43.8408279","","45.4009179","45.382826","43.6396514","44.9359314","57.0371324","57.0117799","58.5871927","58.5869559","57.7512295","57.7403618","57.1112083","54.2521766","53.7777798","53.7322748","47.962225","48.6704662","47.6292922","44.9530881","44.9587983","43.3790052","43.3232499","44.55853","43.2746338","",
"Cuba","CUB","Control of Corruption - Governance score (0-100)","GOV_WGI_CC_SC","","","","","","","","","","","","","","","","","","","","","","","","","","","","","","","","","","","","","47.1676152","","43.9157439","","43.8408279","","45.4009179","45.382826","43.6396514","44.9359314","57.0371324","57.0117799","58.5871927","58.5869559","57.7512295","57.7403618","57.1112083","54.2521766","53.7777798","53.7322748","47.962225","48.6704662","47.6292922","44.9530881","44.9587983","43.3790052","43.3232499","44.55853","43.2746338","",
"Curacao","CUW","Control of Corruption - Governance score (0-100)","GOV_WGI_CC_SC","","","","","","","","","","","","","","","","","","","","","","","","","","","","","","","","","","","","","","","","","","","","","","","","","","","","","","","","","","","","","","","","","","",
"Curacao","CUW","Control of Corruption - Governance score (0-100)","GOV_WGI_CC_SC","","","","","","","","","","","","","","","","","","","","","","","","","","","","","","","","","","","","","","","","","","","","","","","","","","","","","","","","","","","","","","","","","","",
"Cayman Islands","CYM","Control of Corruption - Governance score (0-100)","GOV_WGI_CC_SC","","","","","","","","","","","","","","","","","","","","","","","","","","","","","","","","","","","","","75.4363736","","75.3459324","","75.0815091","","74.8943134","74.8304574","68.945039","74.7177667","74.8834153","74.7647595","65.3225552","68.7340129","68.7420791","72.7345214","72.6925465","72.6957366","65.9705839","66.0039278","60.0511678","60.0319444","60.0646405","60.1096901","60.1210092","60.0989661","60.0913978","60.0653976","60.0904465","",
"Cayman Islands","CYM","Control of Corruption - Governance score (0-100)","GOV_WGI_CC_SC","","","","","","","","","","","","","","","","","","","","","","","","","","","","","","","","","","","","","75.4363736","","75.3459324","","75.0815091","","74.8943134","74.8304574","68.945039","74.7177667","74.8834153","74.7647595","65.3225552","68.7340129","68.7420791","72.7345214","72.6925465","72.6957366","65.9705839","66.0039278","60.0511678","60.0319444","60.0646405","60.1096901","60.1210092","60.0989661","60.0913978","60.0653976","60.0904465","",
"Cyprus","CYP","Control of Corruption - Governance score (0-100)","GOV_WGI_CC_SC","","","","","","","","","","","","","","","","","","","","","","","","","","","","","","","","","","","","","79.0597317","","71.8080583","","71.7331423","","71.6801075","70.3462895","66.3512037","67.1975832","70.9152123","69.8313793","71.7890798","69.6872717","70.2446204","68.3480533","68.2021078","67.8050438","63.0983081","61.6680656","62.5254282","64.4120525","61.2316379","61.6339343","57.2945096","57.7843487","59.2971423","57.6250559","58.6330074","",
"Cyprus","CYP","Control of Corruption - Governance score (0-100)","GOV_WGI_CC_SC","","","","","","","","","","","","","","","","","","","","","","","","","","","","","","","","","","","","","79.0597317","","71.8080583","","71.7331423","","71.6801075","70.3462895","66.3512037","67.1975832","70.9152123","69.8313793","71.7890798","69.6872717","70.2446204","68.3480533","68.2021078","67.8050438","63.0983081","61.6680656","62.5254282","64.4120525","61.2316379","61.6339343","57.2945096","57.7843487","59.2971423","57.6250559","58.6330074","",
"Czechia","CZE","Control of Corruption - Governance score (0-100)","GOV_WGI_CC_SC","","","","","","","","","","","","","","","","","","","","","","","","","","","","","","","","","","","","","64.215906","","63.5683409","","53.1070037","","56.1197719","58.2001705","56.9843202","59.277925","58.7547521","56.5154433","56.287301","55.8520371","55.8240512","57.4596401","56.1627184","55.6028335","58.1604627","59.8565515","60.5011189","62.9830569","60.2843098","60.0687334","60.6913367","62.6313238","64.112328","65.0585388","66.70103","",
"Czechia","CZE","Control of Corruption - Governance score (0-100)","GOV_WGI_CC_SC","","","","","","","","","","","","","","","","","","","","","","","","","","","","","","","","","","","","","64.215906","","63.5683409","","53.1070037","","56.1197719","58.2001705","56.9843202","59.277925","58.7547521","56.5154433","56.287301","55.8520371","55.8240512","57.4596401","56.1627184","55.6028335","58.1604627","59.8565515","60.5011189","62.9830569","60.2843098","60.0687334","60.6913367","62.6313238","64.112328","65.0585388","66.70103","",
"Germany","DEU","Control of Corruption - Governance score (0-100)","GOV_WGI_CC_SC","","","","","","","","","","","","","","","","","","","","","","","","","","","","","","","","","","","","","89.1071214","","88.54786","","82.7732133","","84.498126","86.0814168","84.1549794","86.8969928","82.8643791","81.3636232","82.026748","81.9049911","81.2880211","81.5550778","81.3964995","80.7696981","82.4332709","82.7383756","83.5429199","84.7401905","86.6742509","85.8450483","85.7329669","84.782052","84.7431984","82.253352","83.7515919","",
"Germany","DEU","Control of Corruption - Governance score (0-100)","GOV_WGI_CC_SC","","","","","","","","","","","","","","","","","","","","","","","","","","","","","","","","","","","","","89.1071214","","88.54786","","82.7732133","","84.498126","86.0814168","84.1549794","86.8969928","82.8643791","81.3636232","82.026748","81.9049911","81.2880211","81.5550778","81.3964995","80.7696981","82.4332709","82.7383756","83.5429199","84.7401905","86.6742509","85.8450483","85.7329669","84.782052","84.7431984","82.253352","83.7515919","",
"Djibouti","DJI","Control of Corruption - Governance score (0-100)","GOV_WGI_CC_SC","","","","","","","","","","","","","","","","","","","","","","","","","","","","","","","","","","","","","35.3038312","","35.1268514","","35.3249897","","35.2087061","35.1690388","39.3120498","34.5080231","34.5678652","37.9474222","42.1083773","37.9633786","37.1977446","37.2064383","36.7648976","35.2878424","32.9850096","33.0839401","33.4572041","32.384087","31.2252814","29.0582086","31.3766334","29.463021","29.4595051","29.535172","29.8234701","",
"Djibouti","DJI","Control of Corruption - Governance score (0-100)","GOV_WGI_CC_SC","","","","","","","","","","","","","","","","","","","","","","","","","","","","","","","","","","","","","35.3038312","","35.1268514","","35.3249897","","35.2087061","35.1690388","39.3120498","34.5080231","34.5678652","37.9474222","42.1083773","37.9633786","37.1977446","37.2064383","36.7648976","35.2878424","32.9850096","33.0839401","33.4572041","32.384087","31.2252814","29.0582086","31.3766334","29.463021","29.4595051","29.535172","29.8234701","",
"Dominica","DMA","Control of Corruption - Governance score (0-100)","GOV_WGI_CC_SC","","","","","","","","","","","","","","","","","","","","","","","","","","","","","","","","","","","","","65.962627","","65.8721878","","65.6077625","","65.4205688","65.3567128","59.2019747","62.0435015","62.1399018","62.0708499","62.0892049","62.0885592","64.6916306","64.6582038","64.5887409","64.5940199","60.1053159","60.392772","60.4151814","60.4300832","58.1737351","57.9378139","55.9900702","55.9400514","55.9319365","56.2354078","58.6428812","",
"Dominica","DMA","Control of Corruption - Governance score (0-100)","GOV_WGI_CC_SC","","","","","","","","","","","","","","","","","","","","","","","","","","","","","","","","","","","","","65.962627","","65.8721878","","65.6077625","","65.4205688","65.3567128","59.2019747","62.0435015","62.1399018","62.0708499","62.0892049","62.0885592","64.6916306","64.6582038","64.5887409","64.5940199","60.1053159","60.392772","60.4151814","60.4300832","58.1737351","57.9378139","55.9900702","55.9400514","55.9319365","56.2354078","58.6428812","",
"Denmark","DNK","Control of Corruption - Governance score (0-100)","GOV_WGI_CC_SC","","","","","","","","","","","","","","","","","","","","","","","","","","","","","","","","","","","","","95.5410106","","96.1171272","","94.6565142","","94.1174275","94.4796963","92.9910529","93.463464","95.3273632","94.7947335","94.4452817","94.6126488","93.665683","95.063444","93.5656979","93.2344675","91.4072034","91.5550152","91.7333634","92.1388762","91.5379901","91.5002821","93.693418","94.3057345","94.4556494","94.7577543","94.1568337","",
"Denmark","DNK","Control of Corruption - Governance score (0-100)","GOV_WGI_CC_SC","","","","","","","","","","","","","","","","","","","","","","","","","","","","","","","","","","","","","95.5410106","","96.1171272","","94.6565142","","94.1174275","94.4796963","92.9910529","93.463464","95.3273632","94.7947335","94.4452817","94.6126488","93.665683","95.063444","93.5656979","93.2344675","91.4072034","91.5550152","91.7333634","92.1388762","91.5379901","91.5002821","93.693418","94.3057345","94.4556494","94.7577543","94.1568337","",
"Dominican Republic","DOM","Control of Corruption - Governance score (0-100)","GOV_WGI_CC_SC","","","","","","","","","","","","","","","","","","","","","","","","","","","","","","","","","","","","","44.4178756","","36.8747241","","36.7998081","","35.950275","30.5054317","33.3098417","30.6147401","34.5887949","32.6530768","32.7897739","33.2767873","32.4510258","33.542595","32.032281","32.2508937","32.5615749","31.8561068","31.7819762","31.6402349","30.7634121","31.6185157","33.553066","36.8179688","39.3094062","39.1539431","42.4808681","",
"Dominican Republic","DOM","Control of Corruption - Governance score (0-100)","GOV_WGI_CC_SC","","","","","","","","","","","","","","","","","","","","","","","","","","","","","","","","","","","","","44.4178756","","36.8747241","","36.7998081","","35.950275","30.5054317","33.3098417","30.6147401","34.5887949","32.6530768","32.7897739","33.2767873","32.4510258","33.542595","32.032281","32.2508937","32.5615749","31.8561068","31.7819762","31.6402349","30.7634121","31.6185157","33.553066","36.8179688","39.3094062","39.1539431","42.4808681","",
"Algeria","DZA","Control of Corruption - Governance score (0-100)","GOV_WGI_CC_SC","","","","","","","","","","","","","","","","","","","","","","","","","","","","","","","","","","","","","35.0880322","","27.8363567","","26.7146417","","27.7325601","31.3314381","30.87151","35.2740802","38.8745553","38.1520884","36.0749082","35.4030775","39.9230526","39.5664616","38.6703708","39.6407864","35.2635769","35.1036202","34.87432","36.9149217","36.9544858","35.2940242","34.9886078","34.6776856","34.8379642","34.9054029","35.843598","",
"Algeria","DZA","Control of Corruption - Governance score (0-100)","GOV_WGI_CC_SC","","","","","","","","","","","","","","","","","","","","","","","","","","","","","","","","","","","","","35.0880322","","27.8363567","","26.7146417","","27.7325601","31.3314381","30.87151","35.2740802","38.8745553","38.1520884","36.0749082","35.4030775","39.9230526","39.5664616","38.6703708","39.6407864","35.2635769","35.1036202","34.87432","36.9149217","36.9544858","35.2940242","34.9886078","34.6776856","34.8379642","34.9054029","35.843598","",
"East Asia & Pacific (excluding high income)","EAP","Control of Corruption - Governance score (0-100)","GOV_WGI_CC_SC","","","","","","","","","","","","","","","","","","","","","","","","","","","","","","","","","","","","","","","","","","","","","","","","","","","","","","","","","","","","","","","","","","",
"East Asia & Pacific (excluding high income)","EAP","Control of Corruption - Governance score (0-100)","GOV_WGI_CC_SC","","","","","","","","","","","","","","","","","","","","","","","","","","","","","","","","","","","","","","","","","","","","","","","","","","","","","","","","","","","","","","","","","","",
"Early-demographic dividend","EAR","Control of Corruption - Governance score (0-100)","GOV_WGI_CC_SC","","","","","","","","","","","","","","","","","","","","","","","","","","","","","","","","","","","","","","","","","","","","","","","","","","","","","","","","","","","","","","","","","","",
"Early-demographic dividend","EAR","Control of Corruption - Governance score (0-100)","GOV_WGI_CC_SC","","","","","","","","","","","","","","","","","","","","","","","","","","","","","","","","","","","","","","","","","","","","","","","","","","","","","","","","","","","","","","","","","","",
"East Asia & Pacific","EAS","Control of Corruption - Governance score (0-100)","GOV_WGI_CC_SC","","","","","","","","","","","","","","","","","","","","","","","","","","","","","","","","","","","","","","","","","","","","","","","","","","","","","","","","","","","","","","","","","","",
"East Asia & Pacific","EAS","Control of Corruption - Governance score (0-100)","GOV_WGI_CC_SC","","","","","","","","","","","","","","","","","","","","","","","","","","","","","","","","","","","","","","","","","","","","","","","","","","","","","","","","","","","","","","","","","","",
"Europe & Central Asia (excluding high income)","ECA","Control of Corruption - Governance score (0-100)","GOV_WGI_CC_SC","","","","","","","","","","","","","","","","","","","","","","","","","","","","","","","","","","","","","","","","","","","","","","","","","","","","","","","","","","","","","","","","","","",
"Europe & Central Asia (excluding high income)","ECA","Control of Corruption - Governance score (0-100)","GOV_WGI_CC_SC","","","","","","","","","","","","","","","","","","","","","","","","","","","","","","","","","","","","","","","","","","","","","","","","","","","","","","","","","","","","","","","","","","",
"Europe & Central Asia","ECS","Control of Corruption - Governance score (0-100)","GOV_WGI_CC_SC","","","","","","","","","","","","","","","","","","","","","","","","","","","","","","","","","","","","","","","","","","","","","","","","","","","","","","","","","","","","","","","","","","",
"Europe & Central Asia","ECS","Control of Corruption - Governance score (0-100)","GOV_WGI_CC_SC","","","","","","","","","","","","","","","","","","","","","","","","","","","","","","","","","","","","","","","","","","","","","","","","","","","","","","","","","","","","","","","","","","",
"Ecuador","ECU","Control of Corruption - Governance score (0-100)","GOV_WGI_CC_SC","","","","","","","","","","","","","","","","","","","","","","","","","","","","","","","","","","","","","37.0746477","","33.3682466","","32.5451125","","31.5807774","34.2842024","32.1469271","30.8574057","31.3556855","31.8920072","33.357383","33.6101552","33.4483444","34.3004927","35.4331928","36.0315245","32.5679854","33.2232686","32.3476786","32.1530076","35.3369706","37.1801972","37.3619014","35.0480794","34.5894771","33.2810036","32.1538699","",
"Ecuador","ECU","Control of Corruption - Governance score (0-100)","GOV_WGI_CC_SC","","","","","","","","","","","","","","","","","","","","","","","","","","","","","","","","","","","","","37.0746477","","33.3682466","","32.5451125","","31.5807774","34.2842024","32.1469271","30.8574057","31.3556855","31.8920072","33.357383","33.6101552","33.4483444","34.3004927","35.4331928","36.0315245","32.5679854","33.2232686","32.3476786","32.1530076","35.3369706","37.1801972","37.3619014","35.0480794","34.5894771","33.2810036","32.1538699","",
"Egypt, Arab Rep.","EGY","Control of Corruption - Governance score (0-100)","GOV_WGI_CC_SC","","","","","","","","","","","","","","","","","","","","","","","","","","","","","","","","","","","","","41.9772971","","36.7654178","","36.6784824","","35.4943526","35.0930662","35.1085368","35.3239715","36.2663081","36.9885908","36.2860233","37.8294828","35.5425902","36.4969502","37.379554","36.4007969","36.1904813","36.4391364","38.8014874","39.6374668","38.2405904","34.6551366","31.8344504","31.9182645","32.1137471","31.3194268","31.1152849","",
"Egypt, Arab Rep.","EGY","Control of Corruption - Governance score (0-100)","GOV_WGI_CC_SC","","","","","","","","","","","","","","","","","","","","","","","","","","","","","","","","","","","","","41.9772971","","36.7654178","","36.6784824","","35.4943526","35.0930662","35.1085368","35.3239715","36.2663081","36.9885908","36.2860233","37.8294828","35.5425902","36.4969502","37.379554","36.4007969","36.1904813","36.4391364","38.8014874","39.6374668","38.2405904","34.6551366","31.8344504","31.9182645","32.1137471","31.3194268","31.1152849","",
"Euro area","EMU","Control of Corruption - Governance score (0-100)","GOV_WGI_CC_SC","","","","","","","","","","","","","","","","","","","","","","","","","","","","","","","","","","","","","","","","","","","","","","","","","","","","","","","","","","","","","","","","","","",
"Euro area","EMU","Control of Corruption - Governance score (0-100)","GOV_WGI_CC_SC","","","","","","","","","","","","","","","","","","","","","","","","","","","","","","","","","","","","","","","","","","","","","","","","","","","","","","","","","","","","","","","","","","",
"Eritrea","ERI","Control of Corruption - Governance score (0-100)","GOV_WGI_CC_SC","","","","","","","","","","","","","","","","","","","","","","","","","","","","","","","","","","","","","57.9760137","","57.9198334","","57.7555733","","49.575949","47.482697","43.5463035","39.4539976","38.243066","36.8768697","34.9752585","33.9558604","33.2800846","32.6383794","30.1874959","27.7992843","25.0878984","20.4897403","20.4717456","21.1225817","18.8322541","19.0348456","20.3018665","20.1540162","20.2365571","19.250677","14.7976467","",
"Eritrea","ERI","Control of Corruption - Governance score (0-100)","GOV_WGI_CC_SC","","","","","","","","","","","","","","","","","","","","","","","","","","","","","","","","","","","","","57.9760137","","57.9198334","","57.7555733","","49.575949","47.482697","43.5463035","39.4539976","38.243066","36.8768697","34.9752585","33.9558604","33.2800846","32.6383794","30.1874959","27.7992843","25.0878984","20.4897403","20.4717456","21.1225817","18.8322541","19.0348456","20.3018665","20.1540162","20.2365571","19.250677","14.7976467","",
"Spain","ESP","Control of Corruption - Governance score (0-100)","GOV_WGI_CC_SC","","","","","","","","","","","","","","","","","","","","","","","","","","","","","","","","","","","","","78.4397497","","80.3756926","","77.8770229","","78.4585379","78.9816601","72.8854403","73.2842957","71.706132","69.0240761","71.0413595","68.5352086","68.832743","70.4866059","70.2356594","63.7780715","59.9831137","59.804381","60.498362","59.8781067","62.9450676","64.4581709","64.673557","64.2927469","63.6771189","62.8238936","62.3193026","",
"Spain","ESP","Control of Corruption - Governance score (0-100)","GOV_WGI_CC_SC","","","","","","","","","","","","","","","","","","","","","","","","","","","","","","","","","","","","","78.4397497","","80.3756926","","77.8770229","","78.4585379","78.9816601","72.8854403","73.2842957","71.706132","69.0240761","71.0413595","68.5352086","68.832743","70.4866059","70.2356594","63.7780715","59.9831137","59.804381","60.498362","59.8781067","62.9450676","64.4581709","64.673557","64.2927469","63.6771189","62.8238936","62.3193026","",
"Estonia","EST","Control of Corruption - Governance score (0-100)","GOV_WGI_CC_SC","","","","","","","","","","","","","","","","","","","","","","","","","","","","","","","","","","","","","57.6907822","","66.8806554","","64.9101866","","63.3121802","65.2593956","66.5223398","67.387969","69.1468511","67.9685266","68.2147264","67.9433947","67.9189976","71.3818788","70.4021481","71.6091386","73.5542975","74.1687961","73.6894057","73.7789907","78.1694888","78.6944247","80.0377096","78.9622283","80.1544972","81.7145729","81.6444462","",
"Estonia","EST","Control of Corruption - Governance score (0-100)","GOV_WGI_CC_SC","","","","","","","","","","","","","","","","","","","","","","","","","","","","","","","","","","","","","57.6907822","","66.8806554","","64.9101866","","63.3121802","65.2593956","66.5223398","67.387969","69.1468511","67.9685266","68.2147264","67.9433947","67.9189976","71.3818788","70.4021481","71.6091386","73.5542975","74.1687961","73.6894057","73.7789907","78.1694888","78.6944247","80.0377096","78.9622283","80.1544972","81.7145729","81.6444462","",
"Ethiopia","ETH","Control of Corruption - Governance score (0-100)","GOV_WGI_CC_SC","","","","","","","","","","","","","","","","","","","","","","","","","","","","","","","","","","","","","27.9721693","","27.9465455","","27.8716296","","33.1867489","30.8646097","32.6063269","31.1513937","37.0995286","37.0494146","35.0633658","33.2412128","33.6907469","35.5974185","35.4939599","36.3727482","36.8643462","37.3367897","39.0317349","36.419411","38.6140022","39.21469","40.3946318","39.7519469","39.6253199","38.4840333","38.9918024","",
"Ethiopia","ETH","Control of Corruption - Governance score (0-100)","GOV_WGI_CC_SC","","","","","","","","","","","","","","","","","","","","","","","","","","","","","","","","","","","","","27.9721693","","27.9465455","","27.8716296","","33.1867489","30.8646097","32.6063269","31.1513937","37.0995286","37.0494146","35.0633658","33.2412128","33.6907469","35.5974185","35.4939599","36.3727482","36.8643462","37.3367897","39.0317349","36.419411","38.6140022","39.21469","40.3946318","39.7519469","39.6253199","38.4840333","38.9918024","",
"European Union","EUU","Control of Corruption - Governance score (0-100)","GOV_WGI_CC_SC","","","","","","","","","","","","","","","","","","","","","","","","","","","","","","","","","","","","","","","","","","","","","","","","","","","","","","","","","","","","","","","","","","",
"European Union","EUU","Control of Corruption - Governance score (0-100)","GOV_WGI_CC_SC","","","","","","","","","","","","","","","","","","","","","","","","","","","","","","","","","","","","","","","","","","","","","","","","","","","","","","","","","","","","","","","","","","",
"Finland","FIN","Control of Corruption - Governance score (0-100)","GOV_WGI_CC_SC","","","","","","","","","","","","","","","","","","","","","","","","","","","","","","","","","","","","","95.7261316","","96.037167","","95.4262735","","95.6562679","95.5085472","94.1242934","94.7519369","96.3730105","95.0458743","94.3802254","91.9025664","89.8671971","91.0852902","90.140642","89.0635839","89.2493789","91.8805942","92.1856119","91.9731709","92.0516149","92.0742328","93.1034035","92.9219625","92.1730581","92.2638636","92.226018","",
"Finland","FIN","Control of Corruption - Governance score (0-100)","GOV_WGI_CC_SC","","","","","","","","","","","","","","","","","","","","","","","","","","","","","","","","","","","","","95.7261316","","96.037167","","95.4262735","","95.6562679","95.5085472","94.1242934","94.7519369","96.3730105","95.0458743","94.3802254","91.9025664","89.8671971","91.0852902","90.140642","89.0635839","89.2493789","91.8805942","92.1856119","91.9731709","92.0516149","92.0742328","93.1034035","92.9219625","92.1730581","92.2638636","92.226018","",
"Fiji","FJI","Control of Corruption - Governance score (0-100)","GOV_WGI_CC_SC","","","","","","","","","","","","","","","","","","","","","","","","","","","","","","","","","","","","","58.9726057","","58.9164253","","60.2017547","","58.4244832","52.499786","53.1832677","46.5447508","46.2567988","48.6397375","48.8364063","47.1062449","44.3717553","49.678863","49.5910572","49.670317","54.8875746","54.2248283","54.2324877","54.8343717","54.7471307","61.667764","58.8219156","57.651127","57.1309661","58.6299691","59.2444859","",
"Fiji","FJI","Control of Corruption - Governance score (0-100)","GOV_WGI_CC_SC","","","","","","","","","","","","","","","","","","","","","","","","","","","","","","","","","","","","","58.9726057","","58.9164253","","60.2017547","","58.4244832","52.499786","53.1832677","46.5447508","46.2567988","48.6397375","48.8364063","47.1062449","44.3717553","49.678863","49.5910572","49.670317","54.8875746","54.2248283","54.2324877","54.8343717","54.7471307","61.667764","58.8219156","57.651127","57.1309661","58.6299691","59.2444859","",
"France","FRA","Control of Corruption - Governance score (0-100)","GOV_WGI_CC_SC","","","","","","","","","","","","","","","","","","","","","","","","","","","","","","","","","","","","","76.3571549","","76.1368744","","73.9386174","","73.1147101","74.9900214","74.2420684","76.7548727","77.7290188","77.8842694","77.1979134","76.8681241","75.8244665","78.286659","77.5821038","74.7683341","74.4007094","74.095044","75.026776","75.3123132","76.4426936","75.4248136","74.0468813","76.6545435","75.9023965","73.5063433","72.5135486","",
"France","FRA","Control of Corruption - Governance score (0-100)","GOV_WGI_CC_SC","","","","","","","","","","","","","","","","","","","","","","","","","","","","","","","","","","","","","76.3571549","","76.1368744","","73.9386174","","73.1147101","74.9900214","74.2420684","76.7548727","77.7290188","77.8842694","77.1979134","76.8681241","75.8244665","78.286659","77.5821038","74.7683341","74.4007094","74.095044","75.026776","75.3123132","76.4426936","75.4248136","74.0468813","76.6545435","75.9023965","73.5063433","72.5135486","",
"Faroe Islands","FRO","Control of Corruption - Governance score (0-100)","GOV_WGI_CC_SC","","","","","","","","","","","","","","","","","","","","","","","","","","","","","","","","","","","","","","","","","","","","","","","","","","","","","","","","","","","","","","","","","","",
"Faroe Islands","FRO","Control of Corruption - Governance score (0-100)","GOV_WGI_CC_SC","","","","","","","","","","","","","","","","","","","","","","","","","","","","","","","","","","","","","","","","","","","","","","","","","","","","","","","","","","","","","","","","","","",
"Micronesia, Fed. Sts.","FSM","Control of Corruption - Governance score (0-100)","GOV_WGI_CC_SC","","","","","","","","","","","","","","","","","","","","","","","","","","","","","","","","","","","","","","","","","","","","","53.6339354","46.8985283","47.0594627","45.7481533","45.778795","45.7777161","45.7962148","43.2456034","46.9825631","46.9877368","65.1234777","65.1775449","63.5301127","63.4989407","63.5519594","63.625007","56.0333142","53.9356091","53.923612","53.8824063","62.1861902","",
"Micronesia, Fed. Sts.","FSM","Control of Corruption - Governance score (0-100)","GOV_WGI_CC_SC","","","","","","","","","","","","","","","","","","","","","","","","","","","","","","","","","","","","","","","","","","","","","53.6339354","46.8985283","47.0594627","45.7481533","45.778795","45.7777161","45.7962148","43.2456034","46.9825631","46.9877368","65.1234777","65.1775449","63.5301127","63.4989407","63.5519594","63.625007","56.0333142","53.9356091","53.923612","53.8824063","62.1861902","",
"Gabon","GAB","Control of Corruption - Governance score (0-100)","GOV_WGI_CC_SC","","","","","","","","","","","","","","","","","","","","","","","","","","","","","","","","","","","","","25.8855585","","29.8597389","","33.7846271","","33.7315923","33.7135004","29.7156293","31.2012891","30.8156596","28.3273293","28.8319224","28.8316349","31.8614364","33.0739225","33.9937869","34.0510199","31.0381505","32.8545367","33.9008743","30.2424355","31.2543604","31.267904","31.5726423","30.3392427","27.5416399","28.1225153","28.8930255","",
"Gabon","GAB","Control of Corruption - Governance score (0-100)","GOV_WGI_CC_SC","","","","","","","","","","","","","","","","","","","","","","","","","","","","","","","","","","","","","25.8855585","","29.8597389","","33.7846271","","33.7315923","33.7135004","29.7156293","31.2012891","30.8156596","28.3273293","28.8319224","28.8316349","31.8614364","33.0739225","33.9937869","34.0510199","31.0381505","32.8545367","33.9008743","30.2424355","31.2543604","31.267904","31.5726423","30.3392427","27.5416399","28.1225153","28.8930255","",
"United Kingdom","GBR","Control of Corruption - Governance score (0-100)","GOV_WGI_CC_SC","","","","","","","","","","","","","","","","","","","","","","","","","","","","","","","","","","","","","89.3625271","","90.3093026","","88.9494196","","87.0370116","87.4434393","85.0169004","86.3556127","82.8925756","80.8043152","79.6982631","75.5525458","75.7081729","77.1775058","77.8666107","78.3104023","78.6253383","81.3397989","83.47823","84.6158123","84.3780735","83.6302925","82.6910306","81.5403055","80.9553454","77.7024943","78.4145814","",
"United Kingdom","GBR","Control of Corruption - Governance score (0-100)","GOV_WGI_CC_SC","","","","","","","","","","","","","","","","","","","","","","","","","","","","","","","","","","","","","89.3625271","","90.3093026","","88.9494196","","87.0370116","87.4434393","85.0169004","86.3556127","82.8925756","80.8043152","79.6982631","75.5525458","75.7081729","77.1775058","77.8666107","78.3104023","78.6253383","81.3397989","83.47823","84.6158123","84.3780735","83.6302925","82.6910306","81.5403055","80.9553454","77.7024943","78.4145814","",
"Georgia","GEO","Control of Corruption - Governance score (0-100)","GOV_WGI_CC_SC","","","","","","","","","","","","","","","","","","","","","","","","","","","","","","","","","","","","","17.5240134","","19.3229474","","16.1931224","","16.8411025","27.6857637","46.8677207","50.4745415","53.4056352","49.1170815","50.2632928","50.6645407","52.9489699","54.2835996","58.3834353","58.7526511","64.2103031","63.5501781","64.0355256","65.2966987","64.8914753","64.9310961","64.459438","62.4829695","61.0377725","61.1821271","55.5685949","",
"Georgia","GEO","Control of Corruption - Governance score (0-100)","GOV_WGI_CC_SC","","","","","","","","","","","","","","","","","","","","","","","","","","","","","","","","","","","","","17.5240134","","19.3229474","","16.1931224","","16.8411025","27.6857637","46.8677207","50.4745415","53.4056352","49.1170815","50.2632928","50.6645407","52.9489699","54.2835996","58.3834353","58.7526511","64.2103031","63.5501781","64.0355256","65.2966987","64.8914753","64.9310961","64.459438","62.4829695","61.0377725","61.1821271","55.5685949","",
"Ghana","GHA","Control of Corruption - Governance score (0-100)","GOV_WGI_CC_SC","","","","","","","","","","","","","","","","","","","","","","","","","","","","","","","","","","","","","43.5056059","","36.2539324","","47.6340267","","41.780681","41.3893737","40.9916478","39.354893","45.5663256","45.945231","46.1206785","47.5051448","49.1928374","48.9697352","47.4889132","47.4316276","43.903101","42.262634","42.8641638","42.2701355","45.0164623","45.8418959","45.9874811","44.7085056","45.8969954","45.2166936","43.9385075","",
"Ghana","GHA","Control of Corruption - Governance score (0-100)","GOV_WGI_CC_SC","","","","","","","","","","","","","","","","","","","","","","","","","","","","","","","","","","","","","43.5056059","","36.2539324","","47.6340267","","41.780681","41.3893737","40.9916478","39.354893","45.5663256","45.945231","46.1206785","47.5051448","49.1928374","48.9697352","47.4889132","47.4316276","43.903101","42.262634","42.8641638","42.2701355","45.0164623","45.8418959","45.9874811","44.7085056","45.8969954","45.2166936","43.9385075","",
"Gibraltar","GIB","Control of Corruption - Governance score (0-100)","GOV_WGI_CC_SC","","","","","","","","","","","","","","","","","","","","","","","","","","","","","","","","","","","","","","","","","","","","","","","","","","","","","","","","","","","","","","","","","","",
"Gibraltar","GIB","Control of Corruption - Governance score (0-100)","GOV_WGI_CC_SC","","","","","","","","","","","","","","","","","","","","","","","","","","","","","","","","","","","","","","","","","","","","","","","","","","","","","","","","","","","","","","","","","","",
"Guinea","GIN","Control of Corruption - Governance score (0-100)","GOV_WGI_CC_SC","","","","","","","","","","","","","","","","","","","","","","","","","","","","","","","","","","","","","36.0231607","","30.7305095","","30.6085785","","30.5222605","30.4928152","29.9939909","29.8653053","23.9834109","20.124166","21.2379322","21.8010476","23.500792","24.6911724","24.5053146","24.6828308","24.0192364","25.6446822","27.4345885","25.7653825","25.233852","29.1689419","30.3177684","27.383343","28.1404776","27.4543341","24.0821006","",
"Guinea","GIN","Control of Corruption - Governance score (0-100)","GOV_WGI_CC_SC","","","","","","","","","","","","","","","","","","","","","","","","","","","","","","","","","","","","","36.0231607","","30.7305095","","30.6085785","","30.5222605","30.4928152","29.9939909","29.8653053","23.9834109","20.124166","21.2379322","21.8010476","23.500792","24.6911724","24.5053146","24.6828308","24.0192364","25.6446822","27.4345885","25.7653825","25.233852","29.1689419","30.3177684","27.383343","28.1404776","27.4543341","24.0821006","",
"Gambia, The","GMB","Control of Corruption - Governance score (0-100)","GOV_WGI_CC_SC","","","","","","","","","","","","","","","","","","","","","","","","","","","","","","","","","","","","","42.2695505","","42.9900459","","42.9802044","","42.8938844","44.6688605","39.8348623","35.0351896","35.38686","34.9288284","33.8523917","33.5357757","33.7518824","34.5840807","32.265925","30.2148604","29.8065259","29.1690229","29.3594208","37.6693662","39.39504","40.9389611","43.3446735","41.5001981","41.7782135","41.8599489","41.0895318","",
"Gambia, The","GMB","Control of Corruption - Governance score (0-100)","GOV_WGI_CC_SC","","","","","","","","","","","","","","","","","","","","","","","","","","","","","","","","","","","","","42.2695505","","42.9900459","","42.9802044","","42.8938844","44.6688605","39.8348623","35.0351896","35.38686","34.9288284","33.8523917","33.5357757","33.7518824","34.5840807","32.265925","30.2148604","29.8065259","29.1690229","29.3594208","37.6693662","39.39504","40.9389611","43.3446735","41.5001981","41.7782135","41.8599489","41.0895318","",
"Guinea-Bissau","GNB","Control of Corruption - Governance score (0-100)","GOV_WGI_CC_SC","","","","","","","","","","","","","","","","","","","","","","","","","","","","","","","","","","","","","27.4043477","","27.4298986","","31.3178115","","25.8317545","25.4212096","24.8802749","24.5973589","26.1108144","24.8928388","25.1298935","25.1295595","25.1352818","25.1063343","20.6607691","18.9408075","15.7211242","16.460845","15.9115991","14.1658902","15.5451504","16.9242992","21.554866","23.2244748","24.3549139","24.4768125","20.6093313","",
"Guinea-Bissau","GNB","Control of Corruption - Governance score (0-100)","GOV_WGI_CC_SC","","","","","","","","","","","","","","","","","","","","","","","","","","","","","","","","","","","","","27.4043477","","27.4298986","","31.3178115","","25.8317545","25.4212096","24.8802749","24.5973589","26.1108144","24.8928388","25.1298935","25.1295595","25.1352818","25.1063343","20.6607691","18.9408075","15.7211242","16.460845","15.9115991","14.1658902","15.5451504","16.9242992","21.554866","23.2244748","24.3549139","24.4768125","20.6093313","",
"Equatorial Guinea","GNQ","Control of Corruption - Governance score (0-100)","GOV_WGI_CC_SC","","","","","","","","","","","","","","","","","","","","","","","","","","","","","","","","","","","","","19.2066314","","19.1761882","","19.087178","","19.0241661","19.0026717","19.4188417","17.3750823","20.3297836","20.2934116","20.3030809","22.1797789","22.3303577","22.3157392","22.2853607","21.3391702","15.6714333","15.6948709","14.8023427","14.7875441","17.1047849","17.1318762","17.1386834","17.1254272","17.1208769","16.9937945","18.0370999","",
"Equatorial Guinea","GNQ","Control of Corruption - Governance score (0-100)","GOV_WGI_CC_SC","","","","","","","","","","","","","","","","","","","","","","","","","","","","","","","","","","","","","19.2066314","","19.1761882","","19.087178","","19.0241661","19.0026717","19.4188417","17.3750823","20.3297836","20.2934116","20.3030809","22.1797789","22.3303577","22.3157392","22.2853607","21.3391702","15.6714333","15.6948709","14.8023427","14.7875441","17.1047849","17.1318762","17.1386834","17.1254272","17.1208769","16.9937945","18.0370999","",
"Greece","GRC","Control of Corruption - Governance score (0-100)","GOV_WGI_CC_SC","","","","","","","","","","","","","","","","","","","","","","","","","","","","","","","","","","","","","62.1130656","","67.5710962","","66.1657022","","56.9894272","56.7006938","57.5431586","55.8969207","57.4680747","53.6197035","51.3939363","49.8113135","47.2198323","46.3238954","47.3900535","50.0778459","47.8948956","48.300791","49.648189","50.8239408","52.7293027","54.0093632","53.5422898","55.7703119","54.3827082","54.5203203","53.9208369","",
"Greece","GRC","Control of Corruption - Governance score (0-100)","GOV_WGI_CC_SC","","","","","","","","","","","","","","","","","","","","","","","","","","","","","","","","","","","","","62.1130656","","67.5710962","","66.1657022","","56.9894272","56.7006938","57.5431586","55.8969207","57.4680747","53.6197035","51.3939363","49.8113135","47.2198323","46.3238954","47.3900535","50.0778459","47.8948956","48.300791","49.648189","50.8239408","52.7293027","54.0093632","53.5422898","55.7703119","54.3827082","54.5203203","53.9208369","",
"Grenada","GRD","Control of Corruption - Governance score (0-100)","GOV_WGI_CC_SC","","","","","","","","","","","","","","","","","","","","","","","","","","","","","","","","","","","","","65.962627","","65.8721878","","65.6077625","","65.4205688","65.3567128","59.2019747","62.0435015","62.5901464","57.0077883","57.0261433","57.5985334","58.3873076","58.3595524","58.3018782","58.3062604","52.7415509","58.7064781","58.7267965","56.9811403","56.289143","55.5064089","55.514969","54.218855","53.6982771","55.8214886","57.5505326","",
"Grenada","GRD","Control of Corruption - Governance score (0-100)","GOV_WGI_CC_SC","","","","","","","","","","","","","","","","","","","","","","","","","","","","","","","","","","","","","65.962627","","65.8721878","","65.6077625","","65.4205688","65.3567128","59.2019747","62.0435015","62.5901464","57.0077883","57.0261433","57.5985334","58.3873076","58.3595524","58.3018782","58.3062604","52.7415509","58.7064781","58.7267965","56.9811403","56.289143","55.5064089","55.514969","54.218855","53.6982771","55.8214886","57.5505326","",
"Greenland","GRL","Control of Corruption - Governance score (0-100)","GOV_WGI_CC_SC","","","","","","","","","","","","","","","","","","","","","","","","","","","","","","","","","","","","","","","","","","","","","","","","","","68.6140696","68.6265263","68.5953239","68.5304842","68.535413","68.4776194","68.529126","70.3103709","70.2813162","70.3307339","70.3988183","70.4159245","68.6444663","68.6327748","68.5926116","77.8679831","",
"Greenland","GRL","Control of Corruption - Governance score (0-100)","GOV_WGI_CC_SC","","","","","","","","","","","","","","","","","","","","","","","","","","","","","","","","","","","","","","","","","","","","","","","","","","68.6140696","68.6265263","68.5953239","68.5304842","68.535413","68.4776194","68.529126","70.3103709","70.2813162","70.3307339","70.3988183","70.4159245","68.6444663","68.6327748","68.5926116","77.8679831","",
"Guatemala","GTM","Control of Corruption - Governance score (0-100)","GOV_WGI_CC_SC","","","","","","","","","","","","","","","","","","","","","","","","","","","","","","","","","","","","","32.1112595","","32.0887327","","36.4253418","","31.6690548","31.4200515","35.8246135","34.9110624","34.7665824","35.460776","38.5427601","37.4860387","35.2860247","36.6847937","32.2842052","33.2766314","30.2285619","29.5008646","30.1698413","29.9629181","28.1792179","27.5352234","25.5915523","23.2024743","23.2277115","25.8540445","28.6604826","",
"Guatemala","GTM","Control of Corruption - Governance score (0-100)","GOV_WGI_CC_SC","","","","","","","","","","","","","","","","","","","","","","","","","","","","","","","","","","","","","32.1112595","","32.0887327","","36.4253418","","31.6690548","31.4200515","35.8246135","34.9110624","34.7665824","35.460776","38.5427601","37.4860387","35.2860247","36.6847937","32.2842052","33.2766314","30.2285619","29.5008646","30.1698413","29.9629181","28.1792179","27.5352234","25.5915523","23.2024743","23.2277115","25.8540445","28.6604826","",
"Guam","GUM","Control of Corruption - Governance score (0-100)","GOV_WGI_CC_SC","","","","","","","","","","","","","","","","","","","","","","","","","","","","","","","","","","","","","","","","","","","","","54.3994884","65.2440201","65.4096687","65.2910149","65.3225552","65.321444","65.3404832","65.2927921","65.1936875","65.2012194","71.4287157","71.5074391","71.5708781","71.5254905","71.6026897","71.7090468","71.7357717","71.6837307","71.6658595","71.604473","71.6636167","",
"Guam","GUM","Control of Corruption - Governance score (0-100)","GOV_WGI_CC_SC","","","","","","","","","","","","","","","","","","","","","","","","","","","","","","","","","","","","","","","","","","","","","54.3994884","65.2440201","65.4096687","65.2910149","65.3225552","65.321444","65.3404832","65.2927921","65.1936875","65.2012194","71.4287157","71.5074391","71.5708781","71.5254905","71.6026897","71.7090468","71.7357717","71.6837307","71.6658595","71.604473","71.6636167","",
"Guyana","GUY","Control of Corruption - Governance score (0-100)","GOV_WGI_CC_SC","","","","","","","","","","","","","","","","","","","","","","","","","","","","","","","","","","","","","46.0805497","","44.2902689","","43.1371269","","43.0508089","43.0213636","42.4313957","40.3523513","39.6003864","37.7885747","38.2721045","38.7061397","38.2117624","36.3616761","34.1575875","36.2880718","35.6937317","37.5399054","39.5531204","38.1582924","40.4081693","42.975976","45.5090887","45.7447406","43.2126643","41.5826702","40.8333306","",
"Guyana","GUY","Control of Corruption - Governance score (0-100)","GOV_WGI_CC_SC","","","","","","","","","","","","","","","","","","","","","","","","","","","","","","","","","","","","","46.0805497","","44.2902689","","43.1371269","","43.0508089","43.0213636","42.4313957","40.3523513","39.6003864","37.7885747","38.2721045","38.7061397","38.2117624","36.3616761","34.1575875","36.2880718","35.6937317","37.5399054","39.5531204","38.1582924","40.4081693","42.975976","45.5090887","45.7447406","43.2126643","41.5826702","40.8333306","",
"High income","HIC","Control of Corruption - Governance score (0-100)","GOV_WGI_CC_SC","","","","","","","","","","","","","","","","","","","","","","","","","","","","","","","","","","","","","","","","","","","","","","","","","","","","","","","","","","","","","","","","","","",
"High income","HIC","Control of Corruption - Governance score (0-100)","GOV_WGI_CC_SC","","","","","","","","","","","","","","","","","","","","","","","","","","","","","","","","","","","","","","","","","","","","","","","","","","","","","","","","","","","","","","","","","","",
"Hong Kong SAR, China","HKG","Control of Corruption - Governance score (0-100)","GOV_WGI_CC_SC","","","","","","","","","","","","","","","","","","","","","","","","","","","","","","","","","","","","","76.0730407","","71.1108204","","69.2264934","","75.5562946","82.8451699","81.7688952","82.2610175","82.2597261","81.8052267","81.4176418","81.0289355","82.1274031","83.0505891","80.848045","78.6558504","79.7835994","81.02278","82.228129","82.3041724","82.5743402","83.057951","82.0397896","80.9404112","78.7925293","79.2984179","79.6777038","",
"Hong Kong SAR, China","HKG","Control of Corruption - Governance score (0-100)","GOV_WGI_CC_SC","","","","","","","","","","","","","","","","","","","","","","","","","","","","","","","","","","","","","76.0730407","","71.1108204","","69.2264934","","75.5562946","82.8451699","81.7688952","82.2610175","82.2597261","81.8052267","81.4176418","81.0289355","82.1274031","83.0505891","80.848045","78.6558504","79.7835994","81.02278","82.228129","82.3041724","82.5743402","83.057951","82.0397896","80.9404112","78.7925293","79.2984179","79.6777038","",
"Honduras","HND","Control of Corruption - Governance score (0-100)","GOV_WGI_CC_SC","","","","","","","","","","","","","","","","","","","","","","","","","","","","","","","","","","","","","25.5466201","","25.5240933","","26.7639136","","25.385038","26.8279275","27.8174511","28.6746335","28.9166008","29.0903825","28.7789483","27.5983405","27.5740405","28.2246925","25.6796455","25.4661377","28.3087415","31.4353319","29.1456034","28.6864181","28.2290627","26.4344138","28.1678381","25.1758094","26.9776015","25.6028349","22.6603858","",
"Honduras","HND","Control of Corruption - Governance score (0-100)","GOV_WGI_CC_SC","","","","","","","","","","","","","","","","","","","","","","","","","","","","","","","","","","","","","25.5466201","","25.5240933","","26.7639136","","25.385038","26.8279275","27.8174511","28.6746335","28.9166008","29.0903825","28.7789483","27.5983405","27.5740405","28.2246925","25.6796455","25.4661377","28.3087415","31.4353319","29.1456034","28.6864181","28.2290627","26.4344138","28.1678381","25.1758094","26.9776015","25.6028349","22.6603858","",
"Heavily indebted poor countries (HIPC)","HPC","Control of Corruption - Governance score (0-100)","GOV_WGI_CC_SC","","","","","","","","","","","","","","","","","","","","","","","","","","","","","","","","","","","","","","","","","","","","","","","","","","","","","","","","","","","","","","","","","","",
"Heavily indebted poor countries (HIPC)","HPC","Control of Corruption - Governance score (0-100)","GOV_WGI_CC_SC","","","","","","","","","","","","","","","","","","","","","","","","","","","","","","","","","","","","","","","","","","","","","","","","","","","","","","","","","","","","","","","","","","",
"Croatia","HRV","Control of Corruption - Governance score (0-100)","GOV_WGI_CC_SC","","","","","","","","","","","","","","","","","","","","","","","","","","","","","","","","","","","","","33.1265627","","33.7797246","","49.8750095","","56.9832292","55.8698254","53.2424661","51.8409402","50.6239585","49.8807561","49.1855808","48.8688676","50.1647671","50.0542301","49.7671768","50.1543447","50.190318","51.3416443","50.0522181","48.7783171","48.3592182","48.3603618","50.6014519","49.7878596","50.0161882","50.1564519","50.8643651","",
"Croatia","HRV","Control of Corruption - Governance score (0-100)","GOV_WGI_CC_SC","","","","","","","","","","","","","","","","","","","","","","","","","","","","","","","","","","","","","33.1265627","","33.7797246","","49.8750095","","56.9832292","55.8698254","53.2424661","51.8409402","50.6239585","49.8807561","49.1855808","48.8688676","50.1647671","50.0542301","49.7671768","50.1543447","50.190318","51.3416443","50.0522181","48.7783171","48.3592182","48.3603618","50.6014519","49.7878596","50.0161882","50.1564519","50.8643651","",
"Haiti","HTI","Control of Corruption - Governance score (0-100)","GOV_WGI_CC_SC","","","","","","","","","","","","","","","","","","","","","","","","","","","","","","","","","","","","","28.3091868","","23.6890646","","23.5671337","","15.9537865","17.1639064","19.5698435","16.2926439","22.1840478","21.8020293","24.1737603","25.7649615","22.2728393","21.5828155","20.451917","22.0375052","18.8956628","18.5740045","18.0408142","19.0635582","18.7555731","18.2530082","18.5720148","17.7893617","17.3179222","17.4668979","16.6757919","",
"Haiti","HTI","Control of Corruption - Governance score (0-100)","GOV_WGI_CC_SC","","","","","","","","","","","","","","","","","","","","","","","","","","","","","","","","","","","","","28.3091868","","23.6890646","","23.5671337","","15.9537865","17.1639064","19.5698435","16.2926439","22.1840478","21.8020293","24.1737603","25.7649615","22.2728393","21.5828155","20.451917","22.0375052","18.8956628","18.5740045","18.0408142","19.0635582","18.7555731","18.2530082","18.5720148","17.7893617","17.3179222","17.4668979","16.6757919","",
"Hungary","HUN","Control of Corruption - Governance score (0-100)","GOV_WGI_CC_SC","","","","","","","","","","","","","","","","","","","","","","","","","","","","","","","","","","","","","66.2955982","","63.9085707","","63.552601","","59.203679","59.2480343","60.1875269","60.1092225","60.1134368","58.6477857","56.4892872","55.6403734","52.8531263","53.8911324","55.6152152","55.0234945","51.3497713","51.3439721","51.0304226","51.1081076","50.6715848","49.570419","50.7258726","50.5119236","48.6697861","49.5383766","48.6530989","",
"Hungary","HUN","Control of Corruption - Governance score (0-100)","GOV_WGI_CC_SC","","","","","","","","","","","","","","","","","","","","","","","","","","","","","","","","","","","","","66.2955982","","63.9085707","","63.552601","","59.203679","59.2480343","60.1875269","60.1092225","60.1134368","58.6477857","56.4892872","55.6403734","52.8531263","53.8911324","55.6152152","55.0234945","51.3497713","51.3439721","51.0304226","51.1081076","50.6715848","49.570419","50.7258726","50.5119236","48.6697861","49.5383766","48.6530989","",
"IBRD only","IBD","Control of Corruption - Governance score (0-100)","GOV_WGI_CC_SC","","","","","","","","","","","","","","","","","","","","","","","","","","","","","","","","","","","","","","","","","","","","","","","","","","","","","","","","","","","","","","","","","","",
"IBRD only","IBD","Control of Corruption - Governance score (0-100)","GOV_WGI_CC_SC","","","","","","","","","","","","","","","","","","","","","","","","","","","","","","","","","","","","","","","","","","","","","","","","","","","","","","","","","","","","","","","","","","",
"IDA & IBRD total","IBT","Control of Corruption - Governance score (0-100)","GOV_WGI_CC_SC","","","","","","","","","","","","","","","","","","","","","","","","","","","","","","","","","","","","","","","","","","","","","","","","","","","","","","","","","","","","","","","","","","",
"IDA & IBRD total","IBT","Control of Corruption - Governance score (0-100)","GOV_WGI_CC_SC","","","","","","","","","","","","","","","","","","","","","","","","","","","","","","","","","","","","","","","","","","","","","","","","","","","","","","","","","","","","","","","","","","",
"IDA total","IDA","Control of Corruption - Governance score (0-100)","GOV_WGI_CC_SC","","","","","","","","","","","","","","","","","","","","","","","","","","","","","","","","","","","","","","","","","","","","","","","","","","","","","","","","","","","","","","","","","","",
"IDA total","IDA","Control of Corruption - Governance score (0-100)","GOV_WGI_CC_SC","","","","","","","","","","","","","","","","","","","","","","","","","","","","","","","","","","","","","","","","","","","","","","","","","","","","","","","","","","","","","","","","","","",
"IDA blend","IDB","Control of Corruption - Governance score (0-100)","GOV_WGI_CC_SC","","","","","","","","","","","","","","","","","","","","","","","","","","","","","","","","","","","","","","","","","","","","","","","","","","","","","","","","","","","","","","","","","","",
"IDA blend","IDB","Control of Corruption - Governance score (0-100)","GOV_WGI_CC_SC","","","","","","","","","","","","","","","","","","","","","","","","","","","","","","","","","","","","","","","","","","","","","","","","","","","","","","","","","","","","","","","","","","",
"Indonesia","IDN","Control of Corruption - Governance score (0-100)","GOV_WGI_CC_SC","","","","","","","","","","","","","","","","","","","","","","","","","","","","","","","","","","","","","30.9800552","","22.9976927","","25.9953689","","20.7162451","23.1269066","24.2889306","24.8773135","29.6995373","33.6208185","37.0742995","35.2967284","34.4278424","34.7956553","32.2195861","33.1211278","33.3816303","37.269181","38.0931936","40.2284346","41.0105675","39.1944788","40.8581326","39.4300275","40.36113","38.8844656","36.8309801","",
"Indonesia","IDN","Control of Corruption - Governance score (0-100)","GOV_WGI_CC_SC","","","","","","","","","","","","","","","","","","","","","","","","","","","","","","","","","","","","","30.9800552","","22.9976927","","25.9953689","","20.7162451","23.1269066","24.2889306","24.8773135","29.6995373","33.6208185","37.0742995","35.2967284","34.4278424","34.7956553","32.2195861","33.1211278","33.3816303","37.269181","38.0931936","40.2284346","41.0105675","39.1944788","40.8581326","39.4300275","40.36113","38.8844656","36.8309801","",
"IDA only","IDX","Control of Corruption - Governance score (0-100)","GOV_WGI_CC_SC","","","","","","","","","","","","","","","","","","","","","","","","","","","","","","","","","","","","","","","","","","","","","","","","","","","","","","","","","","","","","","","","","","",
"IDA only","IDX","Control of Corruption - Governance score (0-100)","GOV_WGI_CC_SC","","","","","","","","","","","","","","","","","","","","","","","","","","","","","","","","","","","","","","","","","","","","","","","","","","","","","","","","","","","","","","","","","","",
"Isle of Man","IMN","Control of Corruption - Governance score (0-100)","GOV_WGI_CC_SC","","","","","","","","","","","","","","","","","","","","","","","","","","","","","","","","","","","","","","","","","","","","","","","","","","","","","","","","","","","","","","","","","","",
"Isle of Man","IMN","Control of Corruption - Governance score (0-100)","GOV_WGI_CC_SC","","","","","","","","","","","","","","","","","","","","","","","","","","","","","","","","","","","","","","","","","","","","","","","","","","","","","","","","","","","","","","","","","","",
"India","IND","Control of Corruption - Governance score (0-100)","GOV_WGI_CC_SC","","","","","","","","","","","","","","","","","","","","","","","","","","","","","","","","","","","","","42.5028747","","44.7207558","","43.5820237","","36.5907434","36.7714619","40.0015088","39.5663381","43.1991895","41.2283361","41.8827489","40.8663709","40.5309403","37.9223733","37.6735825","38.3250786","39.4755588","40.8716377","42.0814783","43.3121737","43.6453089","43.4354345","42.703618","41.7670443","41.9344499","41.0674847","41.8767696","",
"India","IND","Control of Corruption - Governance score (0-100)","GOV_WGI_CC_SC","","","","","","","","","","","","","","","","","","","","","","","","","","","","","","","","","","","","","42.5028747","","44.7207558","","43.5820237","","36.5907434","36.7714619","40.0015088","39.5663381","43.1991895","41.2283361","41.8827489","40.8663709","40.5309403","37.9223733","37.6735825","38.3250786","39.4755588","40.8716377","42.0814783","43.3121737","43.6453089","43.4354345","42.703618","41.7670443","41.9344499","41.0674847","41.8767696","",
"Not classified","INX","Control of Corruption - Governance score (0-100)","GOV_WGI_CC_SC","","","","","","","","","","","","","","","","","","","","","","","","","","","","","","","","","","","","","","","","","","","","","","","","","","","","","","","","","","","","","","","","","","",
"Not classified","INX","Control of Corruption - Governance score (0-100)","GOV_WGI_CC_SC","","","","","","","","","","","","","","","","","","","","","","","","","","","","","","","","","","","","","","","","","","","","","","","","","","","","","","","","","","","","","","","","","","",
"Ireland","IRL","Control of Corruption - Governance score (0-100)","GOV_WGI_CC_SC","","","","","","","","","","","","","","","","","","","","","","","","","","","","","","","","","","","","","86.0090959","","79.9089188","","73.8318292","","76.8712798","77.5425478","72.824659","81.1438993","78.3409285","77.4357939","77.5989629","77.0533949","76.3549182","75.7926772","76.2653231","79.1679187","80.0653514","80.8647544","80.9766982","79.3924074","79.2975839","78.6004371","80.1580961","80.479056","81.1797592","79.9561382","79.686442","",
"Ireland","IRL","Control of Corruption - Governance score (0-100)","GOV_WGI_CC_SC","","","","","","","","","","","","","","","","","","","","","","","","","","","","","","","","","","","","","86.0090959","","79.9089188","","73.8318292","","76.8712798","77.5425478","72.824659","81.1438993","78.3409285","77.4357939","77.5989629","77.0533949","76.3549182","75.7926772","76.2653231","79.1679187","80.0653514","80.8647544","80.9766982","79.3924074","79.2975839","78.6004371","80.1580961","80.479056","81.1797592","79.9561382","79.686442","",
"Iran, Islamic Rep.","IRN","Control of Corruption - Governance score (0-100)","GOV_WGI_CC_SC","","","","","","","","","","","","","","","","","","","","","","","","","","","","","","","","","","","","","38.9663992","","44.5520993","","44.4771833","","37.9716533","37.7194094","34.7800046","32.2742564","32.6822873","32.1399579","26.7776495","26.6496319","24.4424282","28.7799725","27.964686","29.3382482","31.3205887","32.4788862","34.5728163","33.6625039","28.7856927","27.77613","25.4997346","25.0474517","24.943143","24.1493632","24.6329658","",
"Iran, Islamic Rep.","IRN","Control of Corruption - Governance score (0-100)","GOV_WGI_CC_SC","","","","","","","","","","","","","","","","","","","","","","","","","","","","","","","","","","","","","38.9663992","","44.5520993","","44.4771833","","37.9716533","37.7194094","34.7800046","32.2742564","32.6822873","32.1399579","26.7776495","26.6496319","24.4424282","28.7799725","27.964686","29.3382482","31.3205887","32.4788862","34.5728163","33.6625039","28.7856927","27.77613","25.4997346","25.0474517","24.943143","24.1493632","24.6329658","",
"Iraq","IRQ","Control of Corruption - Governance score (0-100)","GOV_WGI_CC_SC","","","","","","","","","","","","","","","","","","","","","","","","","","","","","","","","","","","","","15.0390594","","15.0134376","","14.9247473","","15.1334112","28.4698438","24.4277936","22.6901105","17.1412601","16.6821943","16.6843561","19.4272621","21.4148128","22.7812844","22.1909461","22.258401","20.3734223","19.6468929","19.4922597","19.3847104","17.962609","18.6396013","20.1393472","20.0427829","20.0561464","19.1731762","23.4634646","",
"Iraq","IRQ","Control of Corruption - Governance score (0-100)","GOV_WGI_CC_SC","","","","","","","","","","","","","","","","","","","","","","","","","","","","","","","","","","","","","15.0390594","","15.0134376","","14.9247473","","15.1334112","28.4698438","24.4277936","22.6901105","17.1412601","16.6821943","16.6843561","19.4272621","21.4148128","22.7812844","22.1909461","22.258401","20.3734223","19.6468929","19.4922597","19.3847104","17.962609","18.6396013","20.1393472","20.0427829","20.0561464","19.1731762","23.4634646","",
"Iceland","ISL","Control of Corruption - Governance score (0-100)","GOV_WGI_CC_SC","","","","","","","","","","","","","","","","","","","","","","","","","","","","","","","","","","","","","84.296743","","91.9345905","","92.2878316","","90.735148","90.3862589","87.4240034","94.229932","87.626101","88.2152895","90.5352062","91.3103882","84.9523157","85.9422097","84.7818536","85.5145486","85.141657","88.0424248","87.7591972","85.6889375","86.0467269","84.8176387","85.1457924","85.4723045","81.2447123","81.5038768","84.8729102","",
"Iceland","ISL","Control of Corruption - Governance score (0-100)","GOV_WGI_CC_SC","","","","","","","","","","","","","","","","","","","","","","","","","","","","","","","","","","","","","84.296743","","91.9345905","","92.2878316","","90.735148","90.3862589","87.4240034","94.229932","87.626101","88.2152895","90.5352062","91.3103882","84.9523157","85.9422097","84.7818536","85.5145486","85.141657","88.0424248","87.7591972","85.6889375","86.0467269","84.8176387","85.1457924","85.4723045","81.2447123","81.5038768","84.8729102","",
"Israel","ISR","Control of Corruption - Governance score (0-100)","GOV_WGI_CC_SC","","","","","","","","","","","","","","","","","","","","","","","","","","","","","","","","","","","","","81.6080539","","71.9768585","","68.4320962","","69.1159828","68.9860969","64.4978159","64.2273283","64.8903944","61.5017773","61.8200734","61.7667289","61.5523124","62.4767453","63.1545513","63.0791576","62.9754866","65.0511952","70.3407737","64.2294537","62.8305511","64.07143","61.887832","66.5764353","65.8259602","65.4911875","65.1273135","",
"Israel","ISR","Control of Corruption - Governance score (0-100)","GOV_WGI_CC_SC","","","","","","","","","","","","","","","","","","","","","","","","","","","","","","","","","","","","","81.6080539","","71.9768585","","68.4320962","","69.1159828","68.9860969","64.4978159","64.2273283","64.8903944","61.5017773","61.8200734","61.7667289","61.5523124","62.4767453","63.1545513","63.0791576","62.9754866","65.0511952","70.3407737","64.2294537","62.8305511","64.07143","61.887832","66.5764353","65.8259602","65.4911875","65.1273135","",
"Italy","ITA","Control of Corruption - Governance score (0-100)","GOV_WGI_CC_SC","","","","","","","","","","","","","","","","","","","","","","","","","","","","","","","","","","","","","61.9340535","","60.4186245","","63.6721597","","61.7098158","58.1388872","57.3093831","58.9414358","58.9184393","55.6742618","54.2020626","53.6802885","51.9186212","52.8981738","51.0646187","48.7063949","48.1208701","49.2267197","50.3897538","51.7990463","52.8685098","53.5807568","58.5820595","58.7737508","59.4705879","59.4218321","59.0516772","",
"Italy","ITA","Control of Corruption - Governance score (0-100)","GOV_WGI_CC_SC","","","","","","","","","","","","","","","","","","","","","","","","","","","","","","","","","","","","","61.9340535","","60.4186245","","63.6721597","","61.7098158","58.1388872","57.3093831","58.9414358","58.9184393","55.6742618","54.2020626","53.6802885","51.9186212","52.8981738","51.0646187","48.7063949","48.1208701","49.2267197","50.3897538","51.7990463","52.8685098","53.5807568","58.5820595","58.7737508","59.4705879","59.4218321","59.0516772","",
"Jamaica","JAM","Control of Corruption - Governance score (0-100)","GOV_WGI_CC_SC","","","","","","","","","","","","","","","","","","","","","","","","","","","","","","","","","","","","","50.1307472","","50.1051234","","46.8369293","","41.6258636","39.9847893","41.1902476","41.4944333","43.5791272","42.0218913","41.9861589","42.2411597","43.3871403","46.8526954","42.9847082","42.7174187","41.9971278","43.0127569","44.4767583","44.5516135","44.316923","46.5657717","46.233857","46.1312082","46.2595091","45.0927851","45.9061284","",
"Jamaica","JAM","Control of Corruption - Governance score (0-100)","GOV_WGI_CC_SC","","","","","","","","","","","","","","","","","","","","","","","","","","","","","","","","","","","","","50.1307472","","50.1051234","","46.8369293","","41.6258636","39.9847893","41.1902476","41.4944333","43.5791272","42.0218913","41.9861589","42.2411597","43.3871403","46.8526954","42.9847082","42.7174187","41.9971278","43.0127569","44.4767583","44.5516135","44.316923","46.5657717","46.233857","46.1312082","46.2595091","45.0927851","45.9061284","",
"Jordan","JOR","Control of Corruption - Governance score (0-100)","GOV_WGI_CC_SC","","","","","","","","","","","","","","","","","","","","","","","","","","","","","","","","","","","","","51.2175657","","54.6948347","","52.6417176","","47.7238364","53.8299989","49.2234386","49.1406507","49.6433047","49.9387522","52.7300598","49.6474684","48.3884571","50.9036884","49.7745042","49.8168698","49.7615922","53.2076952","51.9215177","51.4506288","49.3577169","49.6648882","50.7071714","48.2133212","48.3134561","50.0010677","53.3644396","",
"Jordan","JOR","Control of Corruption - Governance score (0-100)","GOV_WGI_CC_SC","","","","","","","","","","","","","","","","","","","","","","","","","","","","","","","","","","","","","51.2175657","","54.6948347","","52.6417176","","47.7238364","53.8299989","49.2234386","49.1406507","49.6433047","49.9387522","52.7300598","49.6474684","48.3884571","50.9036884","49.7745042","49.8168698","49.7615922","53.2076952","51.9215177","51.4506288","49.3577169","49.6648882","50.7071714","48.2133212","48.3134561","50.0010677","53.3644396","",
"Japan","JPN","Control of Corruption - Governance score (0-100)","GOV_WGI_CC_SC","","","","","","","","","","","","","","","","","","","","","","","","","","","","","","","","","","","","","72.2621204","","61.5159019","","65.0346579","","65.0445195","65.6771889","65.8529421","66.6343726","67.6808094","65.2443946","67.25966","71.4630251","75.9423512","79.0391218","78.023096","78.1758649","79.0135912","77.2168959","77.1095449","77.7326178","76.0098891","76.8716644","76.8027176","77.3143791","77.0417965","74.9337419","75.322857","",
"Japan","JPN","Control of Corruption - Governance score (0-100)","GOV_WGI_CC_SC","","","","","","","","","","","","","","","","","","","","","","","","","","","","","","","","","","","","","72.2621204","","61.5159019","","65.0346579","","65.0445195","65.6771889","65.8529421","66.6343726","67.6808094","65.2443946","67.25966","71.4630251","75.9423512","79.0391218","78.023096","78.1758649","79.0135912","77.2168959","77.1095449","77.7326178","76.0098891","76.8716644","76.8027176","77.3143791","77.0417965","74.9337419","75.322857","",
"Kazakhstan","KAZ","Control of Corruption - Governance score (0-100)","GOV_WGI_CC_SC","","","","","","","","","","","","","","","","","","","","","","","","","","","","","","","","","","","","","22.7065385","","28.8590521","","23.3936597","","22.1064964","22.0910946","24.352491","25.8416324","23.4605073","23.227505","27.1136873","27.7982722","27.8338103","29.8513205","29.377788","29.0554861","30.8019216","30.9776667","31.934061","32.8195391","37.635571","43.6609232","42.0228467","42.3932789","43.9682585","43.3548024","46.4968168","",
"Kazakhstan","KAZ","Control of Corruption - Governance score (0-100)","GOV_WGI_CC_SC","","","","","","","","","","","","","","","","","","","","","","","","","","","","","","","","","","","","","22.7065385","","28.8590521","","23.3936597","","22.1064964","22.0910946","24.352491","25.8416324","23.4605073","23.227505","27.1136873","27.7982722","27.8338103","29.8513205","29.377788","29.0554861","30.8019216","30.9776667","31.934061","32.8195391","37.635571","43.6609232","42.0228467","42.3932789","43.9682585","43.3548024","46.4968168","",
"Kenya","KEN","Control of Corruption - Governance score (0-100)","GOV_WGI_CC_SC","","","","","","","","","","","","","","","","","","","","","","","","","","","","","","","","","","","","","27.217824","","23.9659526","","28.1112205","","28.1579825","32.6207207","29.744014","26.6813241","28.6985428","28.4021825","26.5740278","25.4173718","30.5611385","29.1952417","28.1203879","28.9365003","30.9697705","28.1966398","29.621069","29.6658756","30.9703838","31.4670524","32.6627583","33.4673896","32.6476662","32.4824001","31.6245639","",
"Kenya","KEN","Control of Corruption - Governance score (0-100)","GOV_WGI_CC_SC","","","","","","","","","","","","","","","","","","","","","","","","","","","","","","","","","","","","","27.217824","","23.9659526","","28.1112205","","28.1579825","32.6207207","29.744014","26.6813241","28.6985428","28.4021825","26.5740278","25.4173718","30.5611385","29.1952417","28.1203879","28.9365003","30.9697705","28.1966398","29.621069","29.6658756","30.9703838","31.4670524","32.6627583","33.4673896","32.6476662","32.4824001","31.6245639","",
"Kyrgyz Republic","KGZ","Control of Corruption - Governance score (0-100)","GOV_WGI_CC_SC","","","","","","","","","","","","","","","","","","","","","","","","","","","","","","","","","","","","","29.9886714","","32.4355552","","27.11207","","26.9082641","26.8715925","25.169241","20.696374","20.3103962","20.9270303","21.3622031","20.6742844","24.7272691","23.3447237","24.3779043","24.0752528","24.1342306","23.410027","23.76712","24.4076775","26.7106743","27.9641091","26.6328335","24.4075925","23.5160096","23.6346513","24.8510339","",
"Kyrgyz Republic","KGZ","Control of Corruption - Governance score (0-100)","GOV_WGI_CC_SC","","","","","","","","","","","","","","","","","","","","","","","","","","","","","","","","","","","","","29.9886714","","32.4355552","","27.11207","","26.9082641","26.8715925","25.169241","20.696374","20.3103962","20.9270303","21.3622031","20.6742844","24.7272691","23.3447237","24.3779043","24.0752528","24.1342306","23.410027","23.76712","24.4076775","26.7106743","27.9641091","26.6328335","24.4075925","23.5160096","23.6346513","24.8510339","",
"Cambodia","KHM","Control of Corruption - Governance score (0-100)","GOV_WGI_CC_SC","","","","","","","","","","","","","","","","","","","","","","","","","","","","","","","","","","","","","29.5512923","","29.5208491","","29.431841","","29.3688291","28.7449587","27.5041971","24.2392518","24.8508376","26.5744549","24.3979879","23.7041284","23.690686","21.5251535","24.8312539","24.8325575","22.3373795","21.9476712","20.8866282","20.9237633","18.9374757","20.7533478","25.2346981","25.7560532","25.3269003","25.1511491","22.8998654","",
"Cambodia","KHM","Control of Corruption - Governance score (0-100)","GOV_WGI_CC_SC","","","","","","","","","","","","","","","","","","","","","","","","","","","","","","","","","","","","","29.5512923","","29.5208491","","29.431841","","29.3688291","28.7449587","27.5041971","24.2392518","24.8508376","26.5744549","24.3979879","23.7041284","23.690686","21.5251535","24.8312539","24.8325575","22.3373795","21.9476712","20.8866282","20.9237633","18.9374757","20.7533478","25.2346981","25.7560532","25.3269003","25.1511491","22.8998654","",
"Kiribati","KIR","Control of Corruption - Governance score (0-100)","GOV_WGI_CC_SC","","","","","","","","","","","","","","","","","","","","","","","","","","","","","","","","","","","","","","","","","","","","","56.6961516","54.3692233","52.7919887","53.5559974","49.772636","47.7006153","49.240824","52.6251135","50.7976227","50.8019322","53.5644806","53.6095261","52.9414077","52.9154358","52.9596089","54.9495562","54.9679112","54.6237606","54.6117634","54.5705577","55.436614","",
"Kiribati","KIR","Control of Corruption - Governance score (0-100)","GOV_WGI_CC_SC","","","","","","","","","","","","","","","","","","","","","","","","","","","","","","","","","","","","","","","","","","","","","56.6961516","54.3692233","52.7919887","53.5559974","49.772636","47.7006153","49.240824","52.6251135","50.7976227","50.8019322","53.5644806","53.6095261","52.9414077","52.9154358","52.9596089","54.9495562","54.9679112","54.6237606","54.6117634","54.5705577","55.436614","",
"St. Kitts and Nevis","KNA","Control of Corruption - Governance score (0-100)","GOV_WGI_CC_SC","","","","","","","","","","","","","","","","","","","","","","","","","","","","","","","","","","","","","","","","","","","","","50.9040082","69.0057717","69.134022","69.0421558","69.0665752","69.0657149","74.8142298","74.7665367","74.6674341","74.674964","46.1653961","56.5413201","56.567709","57.2880465","56.0161595","54.4171735","54.4282901","54.9805156","54.1495055","54.9794388","54.9008834","",
"St. Kitts and Nevis","KNA","Control of Corruption - Governance score (0-100)","GOV_WGI_CC_SC","","","","","","","","","","","","","","","","","","","","","","","","","","","","","","","","","","","","","","","","","","","","","50.9040082","69.0057717","69.134022","69.0421558","69.0665752","69.0657149","74.8142298","74.7665367","74.6674341","74.674964","46.1653961","56.5413201","56.567709","57.2880465","56.0161595","54.4171735","54.4282901","54.9805156","54.1495055","54.9794388","54.9008834","",
"Korea, Rep.","KOR","Control of Corruption - Governance score (0-100)","GOV_WGI_CC_SC","","","","","","","","","","","","","","","","","","","","","","","","","","","","","","","","","","","","","60.4804745","","56.5133119","","54.1242906","","53.6833227","56.2796436","55.5141634","59.6317935","55.6589086","58.2281787","56.246826","56.6994348","56.4440717","59.6374652","58.4904281","59.6894252","58.059757","54.8375921","55.0047204","56.51282","58.8116187","60.2693169","63.154697","63.2670395","64.4874887","65.6442296","65.0511972","",
"Korea, Rep.","KOR","Control of Corruption - Governance score (0-100)","GOV_WGI_CC_SC","","","","","","","","","","","","","","","","","","","","","","","","","","","","","","","","","","","","","60.4804745","","56.5133119","","54.1242906","","53.6833227","56.2796436","55.5141634","59.6317935","55.6589086","58.2281787","56.246826","56.6994348","56.4440717","59.6374652","58.4904281","59.6894252","58.059757","54.8375921","55.0047204","56.51282","58.8116187","60.2693169","63.154697","63.2670395","64.4874887","65.6442296","65.0511972","",
"Kuwait","KWT","Control of Corruption - Governance score (0-100)","GOV_WGI_CC_SC","","","","","","","","","","","","","","","","","","","","","","","","","","","","","","","","","","","","","61.5821767","","61.556555","","58.2553914","","59.4742678","57.0985958","56.1066675","57.1726778","51.0309267","49.2727773","49.6375581","49.7453747","50.1458089","46.2480018","45.1070715","45.3456747","42.3534557","42.9579246","40.9980663","39.897105","42.293308","45.1303189","44.714908","46.6273727","49.4163343","51.2150963","52.2744755","",
"Kuwait","KWT","Control of Corruption - Governance score (0-100)","GOV_WGI_CC_SC","","","","","","","","","","","","","","","","","","","","","","","","","","","","","","","","","","","","","61.5821767","","61.556555","","58.2553914","","59.4742678","57.0985958","56.1066675","57.1726778","51.0309267","49.2727773","49.6375581","49.7453747","50.1458089","46.2480018","45.1070715","45.3456747","42.3534557","42.9579246","40.9980663","39.897105","42.293308","45.1303189","44.714908","46.6273727","49.4163343","51.2150963","52.2744755","",
"Latin America & Caribbean (excluding high income)","LAC","Control of Corruption - Governance score (0-100)","GOV_WGI_CC_SC","","","","","","","","","","","","","","","","","","","","","","","","","","","","","","","","","","","","","","","","","","","","","","","","","","","","","","","","","","","","","","","","","","",
"Latin America & Caribbean (excluding high income)","LAC","Control of Corruption - Governance score (0-100)","GOV_WGI_CC_SC","","","","","","","","","","","","","","","","","","","","","","","","","","","","","","","","","","","","","","","","","","","","","","","","","","","","","","","","","","","","","","","","","","",
"Lao PDR","LAO","Control of Corruption - Governance score (0-100)","GOV_WGI_CC_SC","","","","","","","","","","","","","","","","","","","","","","","","","","","","","","","","","","","","","33.0690484","","33.012868","","32.848608","","32.7323244","32.6926571","25.3455468","22.3272101","21.5188057","22.0023477","22.6685269","22.6682982","23.7660695","24.5712049","24.6825637","26.0598361","27.0876264","27.6168008","28.6714232","27.4339995","25.3842891","25.4876444","26.3811847","26.0482458","27.665342","28.3290599","28.0202267","",
"Lao PDR","LAO","Control of Corruption - Governance score (0-100)","GOV_WGI_CC_SC","","","","","","","","","","","","","","","","","","","","","","","","","","","","","","","","","","","","","33.0690484","","33.012868","","32.848608","","32.7323244","32.6926571","25.3455468","22.3272101","21.5188057","22.0023477","22.6685269","22.6682982","23.7660695","24.5712049","24.6825637","26.0598361","27.0876264","27.6168008","28.6714232","27.4339995","25.3842891","25.4876444","26.3811847","26.0482458","27.665342","28.3290599","28.0202267","",
"Lebanon","LBN","Control of Corruption - Governance score (0-100)","GOV_WGI_CC_SC","","","","","","","","","","","","","","","","","","","","","","","","","","","","","","","","","","","","","35.0421567","","31.0167288","","34.941617","","35.4954355","35.4795297","33.6122785","34.0809632","28.3642255","27.2795485","27.8531065","28.0314385","28.4354778","30.3740662","28.855941","28.2190209","25.4678866","27.5163076","26.2159388","26.168019","23.1423367","22.9844669","22.9471597","22.3773322","23.2081318","22.4433844","21.457146","",
"Lebanon","LBN","Control of Corruption - Governance score (0-100)","GOV_WGI_CC_SC","","","","","","","","","","","","","","","","","","","","","","","","","","","","","","","","","","","","","35.0421567","","31.0167288","","34.941617","","35.4954355","35.4795297","33.6122785","34.0809632","28.3642255","27.2795485","27.8531065","28.0314385","28.4354778","30.3740662","28.855941","28.2190209","25.4678866","27.5163076","26.2159388","26.168019","23.1423367","22.9844669","22.9471597","22.3773322","23.2081318","22.4433844","21.457146","",
"Liberia","LBR","Control of Corruption - Governance score (0-100)","GOV_WGI_CC_SC","","","","","","","","","","","","","","","","","","","","","","","","","","","","","","","","","","","","","17.6055362","","15.7704225","","36.8540311","","25.3834005","25.3539551","22.6183704","20.1832045","31.9951439","33.2834791","35.1661645","38.9734332","39.5067531","36.381367","38.2761872","34.4103395","31.7895101","32.9903614","30.6987424","30.5931504","27.9025323","27.7934547","29.2985565","27.8235114","26.6433732","27.3677631","26.6541519","",
"Liberia","LBR","Control of Corruption - Governance score (0-100)","GOV_WGI_CC_SC","","","","","","","","","","","","","","","","","","","","","","","","","","","","","","","","","","","","","17.6055362","","15.7704225","","36.8540311","","25.3834005","25.3539551","22.6183704","20.1832045","31.9951439","33.2834791","35.1661645","38.9734332","39.5067531","36.381367","38.2761872","34.4103395","31.7895101","32.9903614","30.6987424","30.5931504","27.9025323","27.7934547","29.2985565","27.8235114","26.6433732","27.3677631","26.6541519","",
"Libya","LBY","Control of Corruption - Governance score (0-100)","GOV_WGI_CC_SC","","","","","","","","","","","","","","","","","","","","","","","","","","","","","","","","","","","","","33.1281496","","33.1025259","","33.0276099","","26.5220779","26.503988","25.2597024","23.6517068","23.6879048","24.4368881","25.260591","23.4652236","23.0419529","22.5354206","25.312213","21.7098129","17.9937263","15.5495165","15.5138509","15.2702096","17.1683899","16.5504948","17.0589216","16.476093","16.8185109","16.6288336","16.8529802","",
"Libya","LBY","Control of Corruption - Governance score (0-100)","GOV_WGI_CC_SC","","","","","","","","","","","","","","","","","","","","","","","","","","","","","","","","","","","","","33.1281496","","33.1025259","","33.0276099","","26.5220779","26.503988","25.2597024","23.6517068","23.6879048","24.4368881","25.260591","23.4652236","23.0419529","22.5354206","25.312213","21.7098129","17.9937263","15.5495165","15.5138509","15.2702096","17.1683899","16.5504948","17.0589216","16.476093","16.8185109","16.6288336","16.8529802","",
"St. Lucia","LCA","Control of Corruption - Governance score (0-100)","GOV_WGI_CC_SC","","","","","","","","","","","","","","","","","","","","","","","","","","","","","","","","","","","","","","","","","","","","","52.0894314","70.7809644","70.8773647","70.8083107","70.8266657","70.82602","75.2149757","75.1815468","71.5293647","71.533747","54.9424251","59.3978986","59.418217","58.0106814","57.0353896","57.4607533","55.5130096","55.3468671","55.3718836","55.4898088","56.9490008","",
"St. Lucia","LCA","Control of Corruption - Governance score (0-100)","GOV_WGI_CC_SC","","","","","","","","","","","","","","","","","","","","","","","","","","","","","","","","","","","","","","","","","","","","","52.0894314","70.7809644","70.8773647","70.8083107","70.8266657","70.82602","75.2149757","75.1815468","71.5293647","71.533747","54.9424251","59.3978986","59.418217","58.0106814","57.0353896","57.4607533","55.5130096","55.3468671","55.3718836","55.4898088","56.9490008","",
"Latin America & Caribbean","LCN","Control of Corruption - Governance score (0-100)","GOV_WGI_CC_SC","","","","","","","","","","","","","","","","","","","","","","","","","","","","","","","","","","","","","","","","","","","","","","","","","","","","","","","","","","","","","","","","","","",
"Latin America & Caribbean","LCN","Control of Corruption - Governance score (0-100)","GOV_WGI_CC_SC","","","","","","","","","","","","","","","","","","","","","","","","","","","","","","","","","","","","","","","","","","","","","","","","","","","","","","","","","","","","","","","","","","",
"Least developed countries: UN classification","LDC","Control of Corruption - Governance score (0-100)","GOV_WGI_CC_SC","","","","","","","","","","","","","","","","","","","","","","","","","","","","","","","","","","","","","","","","","","","","","","","","","","","","","","","","","","","","","","","","","","",
"Least developed countries: UN classification","LDC","Control of Corruption - Governance score (0-100)","GOV_WGI_CC_SC","","","","","","","","","","","","","","","","","","","","","","","","","","","","","","","","","","","","","","","","","","","","","","","","","","","","","","","","","","","","","","","","","","",
"Low income","LIC","Control of Corruption - Governance score (0-100)","GOV_WGI_CC_SC","","","","","","","","","","","","","","","","","","","","","","","","","","","","","","","","","","","","","","","","","","","","","","","","","","","","","","","","","","","","","","","","","","",
"Low income","LIC","Control of Corruption - Governance score (0-100)","GOV_WGI_CC_SC","","","","","","","","","","","","","","","","","","","","","","","","","","","","","","","","","","","","","","","","","","","","","","","","","","","","","","","","","","","","","","","","","","",
"Liechtenstein","LIE","Control of Corruption - Governance score (0-100)","GOV_WGI_CC_SC","","","","","","","","","","","","","","","","","","","","","","","","","","","","","","","","","","","","","75.4363736","","75.3459324","","75.0815091","","74.8943134","74.8304574","70.4761471","74.7177667","74.8834153","73.3008087","72.4232289","83.5419301","83.549881","83.5299653","83.4885795","84.6549959","88.6302268","88.6635707","88.6904413","88.6712159","88.7039141","88.7489637","88.7602827","83.3880479","83.3804776","83.3544773","83.3795282","",
"Liechtenstein","LIE","Control of Corruption - Governance score (0-100)","GOV_WGI_CC_SC","","","","","","","","","","","","","","","","","","","","","","","","","","","","","","","","","","","","","75.4363736","","75.3459324","","75.0815091","","74.8943134","74.8304574","70.4761471","74.7177667","74.8834153","73.3008087","72.4232289","83.5419301","83.549881","83.5299653","83.4885795","84.6549959","88.6302268","88.6635707","88.6904413","88.6712159","88.7039141","88.7489637","88.7602827","83.3880479","83.3804776","83.3544773","83.3795282","",
"Sri Lanka","LKA","Control of Corruption - Governance score (0-100)","GOV_WGI_CC_SC","","","","","","","","","","","","","","","","","","","","","","","","","","","","","","","","","","","","","49.693196","","49.6675723","","46.6224135","","44.3114962","43.5298228","46.7313656","42.949407","43.2706037","45.0638741","42.4433807","43.9728797","42.5628078","42.8333703","41.6477953","41.5729927","38.7431837","40.9451671","42.7737044","41.6238192","43.7112862","44.5365376","42.2674049","41.038766","40.7023234","40.0247663","40.066474","",
"Sri Lanka","LKA","Control of Corruption - Governance score (0-100)","GOV_WGI_CC_SC","","","","","","","","","","","","","","","","","","","","","","","","","","","","","","","","","","","","","49.693196","","49.6675723","","46.6224135","","44.3114962","43.5298228","46.7313656","42.949407","43.2706037","45.0638741","42.4433807","43.9728797","42.5628078","42.8333703","41.6477953","41.5729927","38.7431837","40.9451671","42.7737044","41.6238192","43.7112862","44.5365376","42.2674049","41.038766","40.7023234","40.0247663","40.066474","",
"Lower middle income","LMC","Control of Corruption - Governance score (0-100)","GOV_WGI_CC_SC","","","","","","","","","","","","","","","","","","","","","","","","","","","","","","","","","","","","","","","","","","","","","","","","","","","","","","","","","","","","","","","","","","",
"Lower middle income","LMC","Control of Corruption - Governance score (0-100)","GOV_WGI_CC_SC","","","","","","","","","","","","","","","","","","","","","","","","","","","","","","","","","","","","","","","","","","","","","","","","","","","","","","","","","","","","","","","","","","",
"Low & middle income","LMY","Control of Corruption - Governance score (0-100)","GOV_WGI_CC_SC","","","","","","","","","","","","","","","","","","","","","","","","","","","","","","","","","","","","","","","","","","","","","","","","","","","","","","","","","","","","","","","","","","",
"Low & middle income","LMY","Control of Corruption - Governance score (0-100)","GOV_WGI_CC_SC","","","","","","","","","","","","","","","","","","","","","","","","","","","","","","","","","","","","","","","","","","","","","","","","","","","","","","","","","","","","","","","","","","",
"Lesotho","LSO","Control of Corruption - Governance score (0-100)","GOV_WGI_CC_SC","","","","","","","","","","","","","","","","","","","","","","","","","","","","","","","","","","","","","42.6423773","","38.509226","","38.3449679","","38.5292044","38.7074169","41.4870148","45.3330298","49.3771528","48.3384726","50.0197264","51.852152","51.4755097","51.916259","50.7929712","52.8683945","50.381645","48.8610281","48.272216","48.8054428","48.2722363","47.2835466","47.6590109","44.7303827","44.8920032","41.7700137","41.7332409","",
"Lesotho","LSO","Control of Corruption - Governance score (0-100)","GOV_WGI_CC_SC","","","","","","","","","","","","","","","","","","","","","","","","","","","","","","","","","","","","","42.6423773","","38.509226","","38.3449679","","38.5292044","38.7074169","41.4870148","45.3330298","49.3771528","48.3384726","50.0197264","51.852152","51.4755097","51.916259","50.7929712","52.8683945","50.381645","48.8610281","48.272216","48.8054428","48.2722363","47.2835466","47.6590109","44.7303827","44.8920032","41.7700137","41.7332409","",
"Late-demographic dividend","LTE","Control of Corruption - Governance score (0-100)","GOV_WGI_CC_SC","","","","","","","","","","","","","","","","","","","","","","","","","","","","","","","","","","","","","","","","","","","","","","","","","","","","","","","","","","","","","","","","","","",
"Late-demographic dividend","LTE","Control of Corruption - Governance score (0-100)","GOV_WGI_CC_SC","","","","","","","","","","","","","","","","","","","","","","","","","","","","","","","","","","","","","","","","","","","","","","","","","","","","","","","","","","","","","","","","","","",
"Lithuania","LTU","Control of Corruption - Governance score (0-100)","GOV_WGI_CC_SC","","","","","","","","","","","","","","","","","","","","","","","","","","","","","","","","","","","","","56.9216444","","52.0565025","","51.8015705","","52.3734039","54.1938365","58.2512419","58.226278","53.996275","51.5036616","51.4115626","52.244356","57.6865456","56.5801656","59.1895443","59.5910271","59.9820875","61.6482977","62.7256291","61.5419001","57.027457","63.2003477","65.6953679","66.5773988","65.1627159","65.8389532","67.9504044","",
"Lithuania","LTU","Control of Corruption - Governance score (0-100)","GOV_WGI_CC_SC","","","","","","","","","","","","","","","","","","","","","","","","","","","","","","","","","","","","","56.9216444","","52.0565025","","51.8015705","","52.3734039","54.1938365","58.2512419","58.226278","53.996275","51.5036616","51.4115626","52.244356","57.6865456","56.5801656","59.1895443","59.5910271","59.9820875","61.6482977","62.7256291","61.5419001","57.027457","63.2003477","65.6953679","66.5773988","65.1627159","65.8389532","67.9504044","",
"Luxembourg","LUX","Control of Corruption - Governance score (0-100)","GOV_WGI_CC_SC","","","","","","","","","","","","","","","","","","","","","","","","","","","","","","","","","","","","","93.4526287","","87.4108039","","87.5429062","","87.7101803","82.2245685","82.7057645","82.6471612","89.0619524","89.7344896","89.8108244","89.3619664","89.9645204","92.9727323","91.7771559","91.4393369","91.822252","92.8749677","92.2099584","91.323863","92.589641","93.5806908","92.5232852","87.6061165","87.6782432","88.5890414","88.656893","",
"Luxembourg","LUX","Control of Corruption - Governance score (0-100)","GOV_WGI_CC_SC","","","","","","","","","","","","","","","","","","","","","","","","","","","","","","","","","","","","","93.4526287","","87.4108039","","87.5429062","","87.7101803","82.2245685","82.7057645","82.6471612","89.0619524","89.7344896","89.8108244","89.3619664","89.9645204","92.9727323","91.7771559","91.4393369","91.822252","92.8749677","92.2099584","91.323863","92.589641","93.5806908","92.5232852","87.6061165","87.6782432","88.5890414","88.656893","",
"Latvia","LVA","Control of Corruption - Governance score (0-100)","GOV_WGI_CC_SC","","","","","","","","","","","","","","","","","","","","","","","","","","","","","","","","","","","","","41.8881089","","47.6352028","","42.8058337","","50.0826978","53.4013642","51.351338","54.2674185","55.9276453","54.0517368","53.4767497","53.0977493","54.8109401","55.7561793","55.6749298","56.5359014","58.1088711","60.0181174","59.8135058","60.7688577","58.8799825","62.0056741","63.2486116","64.905274","64.5316679","63.560647","64.5567977","",
"Latvia","LVA","Control of Corruption - Governance score (0-100)","GOV_WGI_CC_SC","","","","","","","","","","","","","","","","","","","","","","","","","","","","","","","","","","","","","41.8881089","","47.6352028","","42.8058337","","50.0826978","53.4013642","51.351338","54.2674185","55.9276453","54.0517368","53.4767497","53.0977493","54.8109401","55.7561793","55.6749298","56.5359014","58.1088711","60.0181174","59.8135058","60.7688577","58.8799825","62.0056741","63.2486116","64.905274","64.5316679","63.560647","64.5567977","",
"Macao SAR, China","MAC","Control of Corruption - Governance score (0-100)","GOV_WGI_CC_SC","","","","","","","","","","","","","","","","","","","","","","","","","","","","","","","","","","","","","56.4888824","","56.3984412","","56.1340179","","46.4730776","65.3567128","71.2417022","55.7702755","55.9359241","46.3435237","46.375064","54.7290955","54.7371597","54.7169607","48.6953531","48.6985432","59.3615144","59.3948583","64.7719207","59.4025035","59.4352017","59.4802492","59.4915683","59.4695273","59.4619569","59.4359567","59.4610076","",
"Macao SAR, China","MAC","Control of Corruption - Governance score (0-100)","GOV_WGI_CC_SC","","","","","","","","","","","","","","","","","","","","","","","","","","","","","","","","","","","","","56.4888824","","56.3984412","","56.1340179","","46.4730776","65.3567128","71.2417022","55.7702755","55.9359241","46.3435237","46.375064","54.7290955","54.7371597","54.7169607","48.6953531","48.6985432","59.3615144","59.3948583","64.7719207","59.4025035","59.4352017","59.4802492","59.4915683","59.4695273","59.4619569","59.4359567","59.4610076","",
"St. Martin (French part)","MAF","Control of Corruption - Governance score (0-100)","GOV_WGI_CC_SC","","","","","","","","","","","","","","","","","","","","","","","","","","","","","","","","","","","","","","","","","","","","","","","","","","","","","","","","","","","","","","","","","","",
"St. Martin (French part)","MAF","Control of Corruption - Governance score (0-100)","GOV_WGI_CC_SC","","","","","","","","","","","","","","","","","","","","","","","","","","","","","","","","","","","","","","","","","","","","","","","","","","","","","","","","","","","","","","","","","","",
"Morocco","MAR","Control of Corruption - Governance score (0-100)","GOV_WGI_CC_SC","","","","","","","","","","","","","","","","","","","","","","","","","","","","","","","","","","","","","45.7286061","","46.0197765","","42.1241151","","45.3636816","39.8868304","39.9938555","37.3171069","40.7841477","41.6247382","40.2221051","40.0639458","41.7595428","37.6161269","37.6747019","39.407606","39.422777","40.72869","41.4857456","39.9374342","38.2372182","39.238828","39.5851081","38.1713462","37.978752","36.6776525","37.3557196","",
"Morocco","MAR","Control of Corruption - Governance score (0-100)","GOV_WGI_CC_SC","","","","","","","","","","","","","","","","","","","","","","","","","","","","","","","","","","","","","45.7286061","","46.0197765","","42.1241151","","45.3636816","39.8868304","39.9938555","37.3171069","40.7841477","41.6247382","40.2221051","40.0639458","41.7595428","37.6161269","37.6747019","39.407606","39.422777","40.72869","41.4857456","39.9374342","38.2372182","39.238828","39.5851081","38.1713462","37.978752","36.6776525","37.3557196","",
"Monaco","MCO","Control of Corruption - Governance score (0-100)","GOV_WGI_CC_SC","","","","","","","","","","","","","","","","","","","","","","","","","","","","","","","","","","","","","","","","","","","","","","","","","","","","","","","","84.1391019","84.2025409","84.1571533","84.2343525","84.3407096","71.7357717","71.6837307","71.6658595","71.604473","84.2952795","",
"Monaco","MCO","Control of Corruption - Governance score (0-100)","GOV_WGI_CC_SC","","","","","","","","","","","","","","","","","","","","","","","","","","","","","","","","","","","","","","","","","","","","","","","","","","","","","","","","84.1391019","84.2025409","84.1571533","84.2343525","84.3407096","71.7357717","71.6837307","71.6658595","71.604473","84.2952795","",
"Moldova","MDA","Control of Corruption - Governance score (0-100)","GOV_WGI_CC_SC","","","","","","","","","","","","","","","","","","","","","","","","","","","","","","","","","","","","","44.5684646","","43.3360607","","38.0075577","","27.3105909","27.2931488","24.2445834","29.0008704","30.7349748","31.0318776","31.6142913","32.2216912","33.9307447","34.6282477","33.2866004","31.4288991","28.2268604","26.8325729","25.5966693","28.8838298","30.2179756","32.2024192","33.0615489","36.7150609","39.3227656","42.4695611","41.9527948","",
"Moldova","MDA","Control of Corruption - Governance score (0-100)","GOV_WGI_CC_SC","","","","","","","","","","","","","","","","","","","","","","","","","","","","","","","","","","","","","44.5684646","","43.3360607","","38.0075577","","27.3105909","27.2931488","24.2445834","29.0008704","30.7349748","31.0318776","31.6142913","32.2216912","33.9307447","34.6282477","33.2866004","31.4288991","28.2268604","26.8325729","25.5966693","28.8838298","30.2179756","32.2024192","33.0615489","36.7150609","39.3227656","42.4695611","41.9527948","",
"Madagascar","MDG","Control of Corruption - Governance score (0-100)","GOV_WGI_CC_SC","","","","","","","","","","","","","","","","","","","","","","","","","","","","","","","","","","","","","48.9074784","","46.4670861","","46.3451551","","47.0577381","49.4592707","41.5653273","41.5479195","43.9554881","44.6973606","44.1025206","43.5696278","39.9560848","39.6661248","35.4595007","33.4438022","31.9887698","31.965405","31.7653175","29.1815665","29.2618161","29.1178563","30.7224149","28.678781","28.3020557","27.9096229","27.4125678","",
"Madagascar","MDG","Control of Corruption - Governance score (0-100)","GOV_WGI_CC_SC","","","","","","","","","","","","","","","","","","","","","","","","","","","","","","","","","","","","","48.9074784","","46.4670861","","46.3451551","","47.0577381","49.4592707","41.5653273","41.5479195","43.9554881","44.6973606","44.1025206","43.5696278","39.9560848","39.6661248","35.4595007","33.4438022","31.9887698","31.965405","31.7653175","29.1815665","29.2618161","29.1178563","30.7224149","28.678781","28.3020557","27.9096229","27.4125678","",
"Maldives","MDV","Control of Corruption - Governance score (0-100)","GOV_WGI_CC_SC","","","","","","","","","","","","","","","","","","","","","","","","","","","","","","","","","","","","","44.8995108","","44.6017315","","44.4374715","","44.3211879","44.2815206","40.1022934","38.6749717","37.07568","32.484485","32.9546756","36.8824948","36.6056999","36.8731311","33.4666367","32.3922261","36.1952603","35.9638773","32.3742031","30.2914645","29.7799792","37.3140909","44.3908046","44.5512592","42.4903492","42.4611123","41.054607","",
"Maldives","MDV","Control of Corruption - Governance score (0-100)","GOV_WGI_CC_SC","","","","","","","","","","","","","","","","","","","","","","","","","","","","","","","","","","","","","44.8995108","","44.6017315","","44.4374715","","44.3211879","44.2815206","40.1022934","38.6749717","37.07568","32.484485","32.9546756","36.8824948","36.6056999","36.8731311","33.4666367","32.3922261","36.1952603","35.9638773","32.3742031","30.2914645","29.7799792","37.3140909","44.3908046","44.5512592","42.4903492","42.4611123","41.054607","",
"Middle East, North Africa, Afghanistan & Pakistan","MEA","Control of Corruption - Governance score (0-100)","GOV_WGI_CC_SC","","","","","","","","","","","","","","","","","","","","","","","","","","","","","","","","","","","","","","","","","","","","","","","","","","","","","","","","","","","","","","","","","","",
"Middle East, North Africa, Afghanistan & Pakistan","MEA","Control of Corruption - Governance score (0-100)","GOV_WGI_CC_SC","","","","","","","","","","","","","","","","","","","","","","","","","","","","","","","","","","","","","","","","","","","","","","","","","","","","","","","","","","","","","","","","","","",
"Mexico","MEX","Control of Corruption - Governance score (0-100)","GOV_WGI_CC_SC","","","","","","","","","","","","","","","","","","","","","","","","","","","","","","","","","","","","","34.5322765","","39.5043423","","46.8020045","","41.3144213","41.3423991","38.6213438","39.1016309","41.0136179","39.7064419","40.018704","41.4582597","40.0979273","39.2572276","38.5850811","37.1009556","32.6150206","30.8336421","31.2331432","28.6631687","28.7721329","29.8469098","30.5727672","30.1761404","30.1282206","28.986428","28.8100291","",
"Mexico","MEX","Control of Corruption - Governance score (0-100)","GOV_WGI_CC_SC","","","","","","","","","","","","","","","","","","","","","","","","","","","","","","","","","","","","","34.5322765","","39.5043423","","46.8020045","","41.3144213","41.3423991","38.6213438","39.1016309","41.0136179","39.7064419","40.018704","41.4582597","40.0979273","39.2572276","38.5850811","37.1009556","32.6150206","30.8336421","31.2331432","28.6631687","28.7721329","29.8469098","30.5727672","30.1761404","30.1282206","28.986428","28.8100291","",
"Marshall Islands","MHL","Control of Corruption - Governance score (0-100)","GOV_WGI_CC_SC","","","","","","","","","","","","","","","","","","","","","","","","","","","","","","","","","","","","","","","","","","","","","","43.6175739","38.2029189","37.5998932","37.760186","41.1186452","39.4294587","44.3942558","44.2859595","46.984733","45.5429345","64.3320438","63.5301127","63.4989407","54.8765105","54.9495562","47.3578634","47.3221229","47.3098484","47.2676874","55.7638569","",
"Marshall Islands","MHL","Control of Corruption - Governance score (0-100)","GOV_WGI_CC_SC","","","","","","","","","","","","","","","","","","","","","","","","","","","","","","","","","","","","","","","","","","","","","","43.6175739","38.2029189","37.5998932","37.760186","41.1186452","39.4294587","44.3942558","44.2859595","46.984733","45.5429345","64.3320438","63.5301127","63.4989407","54.8765105","54.9495562","47.3578634","47.3221229","47.3098484","47.2676874","55.7638569","",
"Middle income","MIC","Control of Corruption - Governance score (0-100)","GOV_WGI_CC_SC","","","","","","","","","","","","","","","","","","","","","","","","","","","","","","","","","","","","","","","","","","","","","","","","","","","","","","","","","","","","","","","","","","",
"Middle income","MIC","Control of Corruption - Governance score (0-100)","GOV_WGI_CC_SC","","","","","","","","","","","","","","","","","","","","","","","","","","","","","","","","","","","","","","","","","","","","","","","","","","","","","","","","","","","","","","","","","","",
"North Macedonia","MKD","Control of Corruption - Governance score (0-100)","GOV_WGI_CC_SC","","","","","","","","","","","","","","","","","","","","","","","","","","","","","","","","","","","","","35.7698581","","35.7078704","","29.0607104","","29.9881573","29.4969519","37.9046093","37.4031921","41.9101499","42.2734288","42.4901974","42.794875","41.5129907","40.9776082","45.2669351","45.9852566","44.9108218","41.6565478","41.8652582","42.5500455","40.9553547","38.5432115","38.6049117","40.048872","41.1210155","40.6857293","41.1908811","",
"North Macedonia","MKD","Control of Corruption - Governance score (0-100)","GOV_WGI_CC_SC","","","","","","","","","","","","","","","","","","","","","","","","","","","","","","","","","","","","","35.7698581","","35.7078704","","29.0607104","","29.9881573","29.4969519","37.9046093","37.4031921","41.9101499","42.2734288","42.4901974","42.794875","41.5129907","40.9776082","45.2669351","45.9852566","44.9108218","41.6565478","41.8652582","42.5500455","40.9553547","38.5432115","38.6049117","40.048872","41.1210155","40.6857293","41.1908811","",
"Mali","MLI","Control of Corruption - Governance score (0-100)","GOV_WGI_CC_SC","","","","","","","","","","","","","","","","","","","","","","","","","","","","","","","","","","","","","37.5170102","","31.4845775","","31.3626465","","32.9502812","33.6510492","36.9534677","37.331531","37.9845047","37.5999398","36.411199","37.481458","36.096848","37.0033428","34.370913","35.7190114","34.8471053","35.0877548","34.7860264","33.5445868","32.778301","32.2290956","32.1596448","29.7103098","30.5924906","30.6625607","28.0007382","",
"Mali","MLI","Control of Corruption - Governance score (0-100)","GOV_WGI_CC_SC","","","","","","","","","","","","","","","","","","","","","","","","","","","","","","","","","","","","","37.5170102","","31.4845775","","31.3626465","","32.9502812","33.6510492","36.9534677","37.331531","37.9845047","37.5999398","36.411199","37.481458","36.096848","37.0033428","34.370913","35.7190114","34.8471053","35.0877548","34.7860264","33.5445868","32.778301","32.2290956","32.1596448","29.7103098","30.5924906","30.6625607","28.0007382","",
"Malta","MLT","Control of Corruption - Governance score (0-100)","GOV_WGI_CC_SC","","","","","","","","","","","","","","","","","","","","","","","","","","","","","","","","","","","","","65.8971355","","65.8554339","","70.1020289","","64.7647613","65.8783311","64.9947739","66.6791935","69.1871075","68.1909831","68.0780819","67.3856615","67.4065892","66.9947914","66.2249593","66.3338587","64.2546443","65.0874842","63.7485168","63.9328383","62.8662167","56.2825604","60.2290038","57.3020091","56.9026133","54.372051","53.2551393","",
"Malta","MLT","Control of Corruption - Governance score (0-100)","GOV_WGI_CC_SC","","","","","","","","","","","","","","","","","","","","","","","","","","","","","","","","","","","","","65.8971355","","65.8554339","","70.1020289","","64.7647613","65.8783311","64.9947739","66.6791935","69.1871075","68.1909831","68.0780819","67.3856615","67.4065892","66.9947914","66.2249593","66.3338587","64.2546443","65.0874842","63.7485168","63.9328383","62.8662167","56.2825604","60.2290038","57.3020091","56.9026133","54.372051","53.2551393","",
"Myanmar","MMR","Control of Corruption - Governance score (0-100)","GOV_WGI_CC_SC","","","","","","","","","","","","","","","","","","","","","","","","","","","","","","","","","","","","","17.7369118","","17.7112881","","17.6363721","","17.5833373","17.5652454","15.6155767","15.6145545","15.6499489","16.8411328","16.8478712","16.4719394","23.8276726","23.8563467","21.1524927","24.5845116","26.5791044","27.5420529","30.5629663","32.4364438","32.3109118","32.3701851","35.1475625","28.8456805","24.8475504","25.3535321","22.4981317","",
"Myanmar","MMR","Control of Corruption - Governance score (0-100)","GOV_WGI_CC_SC","","","","","","","","","","","","","","","","","","","","","","","","","","","","","","","","","","","","","17.7369118","","17.7112881","","17.6363721","","17.5833373","17.5652454","15.6155767","15.6145545","15.6499489","16.8411328","16.8478712","16.4719394","23.8276726","23.8563467","21.1524927","24.5845116","26.5791044","27.5420529","30.5629663","32.4364438","32.3109118","32.3701851","35.1475625","28.8456805","24.8475504","25.3535321","22.4981317","",
"Middle East, North Africa, Afghanistan & Pakistan (excluding high income)","MNA","Control of Corruption - Governance score (0-100)","GOV_WGI_CC_SC","","","","","","","","","","","","","","","","","","","","","","","","","","","","","","","","","","","","","","","","","","","","","","","","","","","","","","","","","","","","","","","","","","",
"Middle East, North Africa, Afghanistan & Pakistan (excluding high income)","MNA","Control of Corruption - Governance score (0-100)","GOV_WGI_CC_SC","","","","","","","","","","","","","","","","","","","","","","","","","","","","","","","","","","","","","","","","","","","","","","","","","","","","","","","","","","","","","","","","","","",
"Montenegro","MNE","Control of Corruption - Governance score (0-100)","GOV_WGI_CC_SC","","","","","","","","","","","","","","","","","","","","","","","","","","","","","","","","","","","","","","","47.9067592","","44.4392466","","44.1984108","42.5608019","42.5021824","42.4233517","46.9392138","45.9177005","42.6070012","42.5277313","36.5190297","36.5220174","41.020577","40.9249195","44.6770766","44.7276905","44.5664768","45.6355193","46.1365641","46.5868208","47.1263711","48.6309972","47.596841","46.4768304","46.651784","",
"Montenegro","MNE","Control of Corruption - Governance score (0-100)","GOV_WGI_CC_SC","","","","","","","","","","","","","","","","","","","","","","","","","","","","","","","","","","","","","","","47.9067592","","44.4392466","","44.1984108","42.5608019","42.5021824","42.4233517","46.9392138","45.9177005","42.6070012","42.5277313","36.5190297","36.5220174","41.020577","40.9249195","44.6770766","44.7276905","44.5664768","45.6355193","46.1365641","46.5868208","47.1263711","48.6309972","47.596841","46.4768304","46.651784","",
"Mongolia","MNG","Control of Corruption - Governance score (0-100)","GOV_WGI_CC_SC","","","","","","","","","","","","","","","","","","","","","","","","","","","","","","","","","","","","","52.8783148","","52.8366112","","42.7784449","","45.1021852","41.1594865","41.5182576","37.3665367","36.3486871","34.8435185","34.274035","36.1968128","35.1420325","36.068441","35.5911638","36.5087308","36.5336805","35.9799025","35.4996134","37.0853514","36.2392472","35.4019257","35.2905366","34.4049674","34.4515918","35.3297444","38.0182939","",
"Mongolia","MNG","Control of Corruption - Governance score (0-100)","GOV_WGI_CC_SC","","","","","","","","","","","","","","","","","","","","","","","","","","","","","","","","","","","","","52.8783148","","52.8366112","","42.7784449","","45.1021852","41.1594865","41.5182576","37.3665367","36.3486871","34.8435185","34.274035","36.1968128","35.1420325","36.068441","35.5911638","36.5087308","36.5336805","35.9799025","35.4996134","37.0853514","36.2392472","35.4019257","35.2905366","34.4049674","34.4515918","35.3297444","38.0182939","",
"Northern Mariana Islands","MNP","Control of Corruption - Governance score (0-100)","GOV_WGI_CC_SC","","","","","","","","","","","","","","","","","","","","","","","","","","","","","","","","","","","","","","","","","","","","","","","","","","","","","","","","","","","","","","","","","","",
"Northern Mariana Islands","MNP","Control of Corruption - Governance score (0-100)","GOV_WGI_CC_SC","","","","","","","","","","","","","","","","","","","","","","","","","","","","","","","","","","","","","","","","","","","","","","","","","","","","","","","","","","","","","","","","","","",
"Mozambique","MOZ","Control of Corruption - Governance score (0-100)","GOV_WGI_CC_SC","","","","","","","","","","","","","","","","","","","","","","","","","","","","","","","","","","","","","43.3608829","","43.3352592","","36.6012427","","34.4104691","35.4156798","33.4811802","34.4233042","35.5971472","37.4384751","38.9262502","36.9061491","34.8580762","34.7359853","36.0252415","32.6212895","30.4199558","30.2695652","27.7822713","28.3304728","30.1920867","30.128006","32.4162528","31.477995","29.6104098","29.5506831","26.3621556","",
"Mozambique","MOZ","Control of Corruption - Governance score (0-100)","GOV_WGI_CC_SC","","","","","","","","","","","","","","","","","","","","","","","","","","","","","","","","","","","","","43.3608829","","43.3352592","","36.6012427","","34.4104691","35.4156798","33.4811802","34.4233042","35.5971472","37.4384751","38.9262502","36.9061491","34.8580762","34.7359853","36.0252415","32.6212895","30.4199558","30.2695652","27.7822713","28.3304728","30.1920867","30.128006","32.4162528","31.477995","29.6104098","29.5506831","26.3621556","",
"Mauritania","MRT","Control of Corruption - Governance score (0-100)","GOV_WGI_CC_SC","","","","","","","","","","","","","","","","","","","","","","","","","","","","","","","","","","","","","36.5682976","","36.5121172","","36.3478572","","42.1166054","42.0769381","36.297557","34.2110252","35.2263345","36.9220144","31.6853452","33.5029601","35.3728791","36.8817823","32.9850683","31.6834222","29.2039577","28.5679768","31.0370797","30.2432877","29.7489712","27.9977303","31.8331205","30.0594217","30.6941739","31.7319331","28.9543958","",
"Mauritania","MRT","Control of Corruption - Governance score (0-100)","GOV_WGI_CC_SC","","","","","","","","","","","","","","","","","","","","","","","","","","","","","","","","","","","","","36.5682976","","36.5121172","","36.3478572","","42.1166054","42.0769381","36.297557","34.2110252","35.2263345","36.9220144","31.6853452","33.5029601","35.3728791","36.8817823","32.9850683","31.6834222","29.2039577","28.5679768","31.0370797","30.2432877","29.7489712","27.9977303","31.8331205","30.0594217","30.6941739","31.7319331","28.9543958","",
"Mauritius","MUS","Control of Corruption - Governance score (0-100)","GOV_WGI_CC_SC","","","","","","","","","","","","","","","","","","","","","","","","","","","","","","","","","","","","","57.1083239","","57.0660272","","55.4698911","","56.2464758","54.924236","52.2330329","52.8317391","55.9604913","55.126536","59.2783278","58.5892938","54.4517318","54.8076124","56.7814191","56.3669271","57.091572","53.7327383","54.3800646","53.6348098","53.9597613","54.3280722","54.7909314","56.2754678","55.847839","54.7731795","54.7467036","",
"Mauritius","MUS","Control of Corruption - Governance score (0-100)","GOV_WGI_CC_SC","","","","","","","","","","","","","","","","","","","","","","","","","","","","","","","","","","","","","57.1083239","","57.0660272","","55.4698911","","56.2464758","54.924236","52.2330329","52.8317391","55.9604913","55.126536","59.2783278","58.5892938","54.4517318","54.8076124","56.7814191","56.3669271","57.091572","53.7327383","54.3800646","53.6348098","53.9597613","54.3280722","54.7909314","56.2754678","55.847839","54.7731795","54.7467036","",
"Malawi","MWI","Control of Corruption - Governance score (0-100)","GOV_WGI_CC_SC","","","","","","","","","","","","","","","","","","","","","","","","","","","","","","","","","","","","","39.478255","","39.4526313","","39.598095","","26.1239289","28.5915906","31.890898","32.0105862","34.6169813","34.4208874","36.3237819","37.023556","38.9390772","40.7551194","37.8667657","34.8365756","31.2619732","31.0715591","31.0997657","33.3787256","31.313824","31.6146192","38.1680428","39.1181865","34.6004541","35.1525763","34.7249395","",
"Malawi","MWI","Control of Corruption - Governance score (0-100)","GOV_WGI_CC_SC","","","","","","","","","","","","","","","","","","","","","","","","","","","","","","","","","","","","","39.478255","","39.4526313","","39.598095","","26.1239289","28.5915906","31.890898","32.0105862","34.6169813","34.4208874","36.3237819","37.023556","38.9390772","40.7551194","37.8667657","34.8365756","31.2619732","31.0715591","31.0997657","33.3787256","31.313824","31.6146192","38.1680428","39.1181865","34.6004541","35.1525763","34.7249395","",
"Malaysia","MYS","Control of Corruption - Governance score (0-100)","GOV_WGI_CC_SC","","","","","","","","","","","","","","","","","","","","","","","","","","","","","","","","","","","","","54.9767122","","50.4190392","","50.8617398","","48.3189274","50.7501179","50.943044","48.5271278","50.1735924","49.0474587","45.9331812","44.8953046","46.8595472","49.1915926","50.9565309","52.2261285","53.8296184","52.7935737","49.9486685","49.336186","57.8448648","57.1842175","56.3668583","53.9576967","55.3650278","55.5607189","57.9431536","",
"Malaysia","MYS","Control of Corruption - Governance score (0-100)","GOV_WGI_CC_SC","","","","","","","","","","","","","","","","","","","","","","","","","","","","","","","","","","","","","54.9767122","","50.4190392","","50.8617398","","48.3189274","50.7501179","50.943044","48.5271278","50.1735924","49.0474587","45.9331812","44.8953046","46.8595472","49.1915926","50.9565309","52.2261285","53.8296184","52.7935737","49.9486685","49.336186","57.8448648","57.1842175","56.3668583","53.9576967","55.3650278","55.5607189","57.9431536","",
"North America","NAC","Control of Corruption - Governance score (0-100)","GOV_WGI_CC_SC","","","","","","","","","","","","","","","","","","","","","","","","","","","","","","","","","","","","","","","","","","","","","","","","","","","","","","","","","","","","","","","","","","",
"North America","NAC","Control of Corruption - Governance score (0-100)","GOV_WGI_CC_SC","","","","","","","","","","","","","","","","","","","","","","","","","","","","","","","","","","","","","","","","","","","","","","","","","","","","","","","","","","","","","","","","","","",
"Namibia","NAM","Control of Corruption - Governance score (0-100)","GOV_WGI_CC_SC","","","","","","","","","","","","","","","","","","","","","","","","","","","","","","","","","","","","","66.4355097","","59.1838342","","59.1089183","","49.8948361","49.1682662","47.6352149","47.4121815","54.3282423","53.5607966","59.6212153","57.50891","54.7014233","54.0895278","57.7976413","57.3845035","56.6830452","57.039025","56.1091512","55.2946723","56.8134493","56.5967252","55.7844952","54.4552296","54.2668355","51.1932476","50.4157905","",
"Namibia","NAM","Control of Corruption - Governance score (0-100)","GOV_WGI_CC_SC","","","","","","","","","","","","","","","","","","","","","","","","","","","","","","","","","","","","","66.4355097","","59.1838342","","59.1089183","","49.8948361","49.1682662","47.6352149","47.4121815","54.3282423","53.5607966","59.6212153","57.50891","54.7014233","54.0895278","57.7976413","57.3845035","56.6830452","57.039025","56.1091512","55.2946723","56.8134493","56.5967252","55.7844952","54.4552296","54.2668355","51.1932476","50.4157905","",
"New Caledonia","NCL","Control of Corruption - Governance score (0-100)","GOV_WGI_CC_SC","","","","","","","","","","","","","","","","","","","","","","","","","","","","","","","","","","","","","","","","","","","","","","","","","","","","","","","","","","","","","","50.5128284","50.4240065","50.1189079","50.4128534","",
"New Caledonia","NCL","Control of Corruption - Governance score (0-100)","GOV_WGI_CC_SC","","","","","","","","","","","","","","","","","","","","","","","","","","","","","","","","","","","","","","","","","","","","","","","","","","","","","","","","","","","","","","50.5128284","50.4240065","50.1189079","50.4128534","",
"Niger","NER","Control of Corruption - Governance score (0-100)","GOV_WGI_CC_SC","","","","","","","","","","","","","","","","","","","","","","","","","","","","","","","","","","","","","31.9775479","","21.6581302","","27.6614334","","27.5751154","27.54567","30.0008244","32.0545245","32.2270876","34.0799329","36.726803","35.0563339","35.6697455","37.5098974","39.0483005","40.2703852","38.8780814","39.1365637","39.3456082","39.0456145","38.8029994","38.9720972","37.1269984","36.4537649","36.4553397","37.3811895","35.3675455","",
"Niger","NER","Control of Corruption - Governance score (0-100)","GOV_WGI_CC_SC","","","","","","","","","","","","","","","","","","","","","","","","","","","","","","","","","","","","","31.9775479","","21.6581302","","27.6614334","","27.5751154","27.54567","30.0008244","32.0545245","32.2270876","34.0799329","36.726803","35.0563339","35.6697455","37.5098974","39.0483005","40.2703852","38.8780814","39.1365637","39.3456082","39.0456145","38.8029994","38.9720972","37.1269984","36.4537649","36.4553397","37.3811895","35.3675455","",
"Nigeria","NGA","Control of Corruption - Governance score (0-100)","GOV_WGI_CC_SC","","","","","","","","","","","","","","","","","","","","","","","","","","","","","","","","","","","","","24.3359173","","21.08405","","18.9614741","","13.6798869","17.1752052","19.6027502","21.9531486","23.7921912","24.422043","26.7467953","26.1856413","24.9571886","24.7647665","24.6443922","23.8646457","21.5788968","24.3464186","25.7696636","24.6904923","24.6724591","25.065908","25.2281358","23.7485646","23.0571866","25.614826","25.2937973","",
"Nigeria","NGA","Control of Corruption - Governance score (0-100)","GOV_WGI_CC_SC","","","","","","","","","","","","","","","","","","","","","","","","","","","","","","","","","","","","","24.3359173","","21.08405","","18.9614741","","13.6798869","17.1752052","19.6027502","21.9531486","23.7921912","24.422043","26.7467953","26.1856413","24.9571886","24.7647665","24.6443922","23.8646457","21.5788968","24.3464186","25.7696636","24.6904923","24.6724591","25.065908","25.2281358","23.7485646","23.0571866","25.614826","25.2937973","",
"Nicaragua","NIC","Control of Corruption - Governance score (0-100)","GOV_WGI_CC_SC","","","","","","","","","","","","","","","","","","","","","","","","","","","","","","","","","","","","","37.9478533","","32.6287242","","30.5290172","","31.1589843","32.7728419","36.6115679","33.5312557","33.0788655","31.2376551","31.1398338","31.2991833","30.684883","30.6773896","30.7862749","31.3427349","27.7066611","27.2776863","25.7077346","25.6669823","23.1967986","23.4666749","24.8323227","22.8056451","22.6599931","22.3529169","18.8549307","",
"Nicaragua","NIC","Control of Corruption - Governance score (0-100)","GOV_WGI_CC_SC","","","","","","","","","","","","","","","","","","","","","","","","","","","","","","","","","","","","","37.9478533","","32.6287242","","30.5290172","","31.1589843","32.7728419","36.6115679","33.5312557","33.0788655","31.2376551","31.1398338","31.2991833","30.684883","30.6773896","30.7862749","31.3427349","27.7066611","27.2776863","25.7077346","25.6669823","23.1967986","23.4666749","24.8323227","22.8056451","22.6599931","22.3529169","18.8549307","",
"Netherlands","NLD","Control of Corruption - Governance score (0-100)","GOV_WGI_CC_SC","","","","","","","","","","","","","","","","","","","","","","","","","","","","","","","","","","","","","93.4109838","","93.0634184","","91.7702839","","88.8302193","88.4819171","86.428713","87.9872059","89.5538521","90.3250546","89.7973173","89.1209282","88.1208911","88.6443169","89.5616977","86.8837892","87.2954575","85.56713","86.4710077","84.8361738","87.2560999","87.3214396","89.6456515","88.905117","86.6695427","85.9839538","86.5164277","",
"Netherlands","NLD","Control of Corruption - Governance score (0-100)","GOV_WGI_CC_SC","","","","","","","","","","","","","","","","","","","","","","","","","","","","","","","","","","","","","93.4109838","","93.0634184","","91.7702839","","88.8302193","88.4819171","86.428713","87.9872059","89.5538521","90.3250546","89.7973173","89.1209282","88.1208911","88.6443169","89.5616977","86.8837892","87.2954575","85.56713","86.4710077","84.8361738","87.2560999","87.3214396","89.6456515","88.905117","86.6695427","85.9839538","86.5164277","",
"Norway","NOR","Control of Corruption - Governance score (0-100)","GOV_WGI_CC_SC","","","","","","","","","","","","","","","","","","","","","","","","","","","","","","","","","","","","","93.1108787","","92.8309525","","89.7839659","","89.7272876","88.7669503","85.4850425","88.6871156","90.254029","86.5735027","85.3860817","86.288674","86.9509587","89.9125321","90.9321427","91.1827714","90.9919686","91.8906887","90.7801693","91.7440388","90.0726487","89.5599286","90.0308479","89.7712401","89.0101199","89.8463706","87.5486488","",
"Norway","NOR","Control of Corruption - Governance score (0-100)","GOV_WGI_CC_SC","","","","","","","","","","","","","","","","","","","","","","","","","","","","","","","","","","","","","93.1108787","","92.8309525","","89.7839659","","89.7272876","88.7669503","85.4850425","88.6871156","90.254029","86.5735027","85.3860817","86.288674","86.9509587","89.9125321","90.9321427","91.1827714","90.9919686","91.8906887","90.7801693","91.7440388","90.0726487","89.5599286","90.0308479","89.7712401","89.0101199","89.8463706","87.5486488","",
"Nepal","NPL","Control of Corruption - Governance score (0-100)","GOV_WGI_CC_SC","","","","","","","","","","","","","","","","","","","","","","","","","","","","","","","","","","","","","37.2628919","","37.2067116","","37.0726519","","37.2885663","40.9434183","29.1610437","30.186915","32.9657417","31.9959718","30.382681","32.5198794","33.1255587","31.023115","28.1465541","29.269267","30.7932724","31.0375655","30.7270583","32.043254","32.9082193","32.9410774","33.6623338","35.2135742","34.6563268","35.1184511","35.0499922","",
"Nepal","NPL","Control of Corruption - Governance score (0-100)","GOV_WGI_CC_SC","","","","","","","","","","","","","","","","","","","","","","","","","","","","","","","","","","","","","37.2628919","","37.2067116","","37.0726519","","37.2885663","40.9434183","29.1610437","30.186915","32.9657417","31.9959718","30.382681","32.5198794","33.1255587","31.023115","28.1465541","29.269267","30.7932724","31.0375655","30.7270583","32.043254","32.9082193","32.9410774","33.6623338","35.2135742","34.6563268","35.1184511","35.0499922","",
"Naoero","NRU","Control of Corruption - Governance score (0-100)","GOV_WGI_CC_SC","","","","","","","","","","","","","","","","","","","","","","","","","","","","","","","","","","","","","","","","","","","","","","","","43.8564038","44.0166965","44.0110491","50.3643243","50.1219441","49.6182821","43.4000483","42.9511295","57.9237278","56.7893315","56.7452353","56.8202363","56.9235673","56.9495311","56.8989718","56.8816086","56.821969","58.0754604","",
"Naoero","NRU","Control of Corruption - Governance score (0-100)","GOV_WGI_CC_SC","","","","","","","","","","","","","","","","","","","","","","","","","","","","","","","","","","","","","","","","","","","","","","","","43.8564038","44.0166965","44.0110491","50.3643243","50.1219441","49.6182821","43.4000483","42.9511295","57.9237278","56.7893315","56.7452353","56.8202363","56.9235673","56.9495311","56.8989718","56.8816086","56.821969","58.0754604","",
"New Zealand","NZL","Control of Corruption - Governance score (0-100)","GOV_WGI_CC_SC","","","","","","","","","","","","","","","","","","","","","","","","","","","","","","","","","","","","","95.2611025","","96.185669","","94.0207944","","93.0825871","93.4325835","92.5651953","92.3893591","94.3026193","93.6832425","93.515592","93.9880861","92.9682447","93.3650456","92.0675693","92.2882486","91.7046487","92.3812524","92.5625335","91.7750306","90.2412708","91.4284732","91.4612665","90.8571721","90.0036271","88.6538001","86.8914608","",
"New Zealand","NZL","Control of Corruption - Governance score (0-100)","GOV_WGI_CC_SC","","","","","","","","","","","","","","","","","","","","","","","","","","","","","","","","","","","","","95.2611025","","96.185669","","94.0207944","","93.0825871","93.4325835","92.5651953","92.3893591","94.3026193","93.6832425","93.515592","93.9880861","92.9682447","93.3650456","92.0675693","92.2882486","91.7046487","92.3812524","92.5625335","91.7750306","90.2412708","91.4284732","91.4612665","90.8571721","90.0036271","88.6538001","86.8914608","",
"OECD members","OED","Control of Corruption - Governance score (0-100)","GOV_WGI_CC_SC","","","","","","","","","","","","","","","","","","","","","","","","","","","","","","","","","","","","","","","","","","","","","","","","","","","","","","","","","","","","","","","","","","",
"OECD members","OED","Control of Corruption - Governance score (0-100)","GOV_WGI_CC_SC","","","","","","","","","","","","","","","","","","","","","","","","","","","","","","","","","","","","","","","","","","","","","","","","","","","","","","","","","","","","","","","","","","",
"Oman","OMN","Control of Corruption - Governance score (0-100)","GOV_WGI_CC_SC","","","","","","","","","","","","","","","","","","","","","","","","","","","","","","","","","","","","","58.0249213","","61.9991017","","61.9241858","","61.6414682","59.0720463","59.8466635","59.0439753","58.0685196","54.4831872","54.6326952","54.0984401","53.4451952","47.1416332","47.342828","46.5370125","48.0905988","47.8208257","47.4366576","47.4273445","47.4431835","51.1189348","48.3389928","48.3283154","48.2847475","52.4643107","58.1223297","",
"Oman","OMN","Control of Corruption - Governance score (0-100)","GOV_WGI_CC_SC","","","","","","","","","","","","","","","","","","","","","","","","","","","","","","","","","","","","","58.0249213","","61.9991017","","61.9241858","","61.6414682","59.0720463","59.8466635","59.0439753","58.0685196","54.4831872","54.6326952","54.0984401","53.4451952","47.1416332","47.342828","46.5370125","48.0905988","47.8208257","47.4366576","47.4273445","47.4431835","51.1189348","48.3389928","48.3283154","48.2847475","52.4643107","58.1223297","",
"Other small states","OSS","Control of Corruption - Governance score (0-100)","GOV_WGI_CC_SC","","","","","","","","","","","","","","","","","","","","","","","","","","","","","","","","","","","","","","","","","","","","","","","","","","","","","","","","","","","","","","","","","","",
"Other small states","OSS","Control of Corruption - Governance score (0-100)","GOV_WGI_CC_SC","","","","","","","","","","","","","","","","","","","","","","","","","","","","","","","","","","","","","","","","","","","","","","","","","","","","","","","","","","","","","","","","","","",
"Pakistan","PAK","Control of Corruption - Governance score (0-100)","GOV_WGI_CC_SC","","","","","","","","","","","","","","","","","","","","","","","","","","","","","","","","","","","","","24.4461081","","31.6465361","","28.131539","","29.363291","29.1807103","25.8336754","26.1091992","30.0203778","30.7284003","26.8398497","24.001187","23.5203008","23.1532105","22.6501618","25.0008861","27.524714","27.9955138","28.1613224","28.9283045","28.3401745","28.1909519","28.8885035","29.5123294","28.7069653","26.6784275","26.2849685","",
"Pakistan","PAK","Control of Corruption - Governance score (0-100)","GOV_WGI_CC_SC","","","","","","","","","","","","","","","","","","","","","","","","","","","","","","","","","","","","","24.4461081","","31.6465361","","28.131539","","29.363291","29.1807103","25.8336754","26.1091992","30.0203778","30.7284003","26.8398497","24.001187","23.5203008","23.1532105","22.6501618","25.0008861","27.524714","27.9955138","28.1613224","28.9283045","28.3401745","28.1909519","28.8885035","29.5123294","28.7069653","26.6784275","26.2849685","",
"Panama","PAN","Control of Corruption - Governance score (0-100)","GOV_WGI_CC_SC","","","","","","","","","","","","","","","","","","","","","","","","","","","","","","","","","","","","","41.2848383","","41.2592145","","38.0423509","","38.1984131","39.5257255","39.6845183","38.1384618","39.118731","38.1179794","43.4541438","41.8105676","40.9835613","40.8264444","38.5631332","39.1491722","39.8747927","39.2716193","37.6620671","36.5408642","36.7609585","36.8493715","37.3493253","37.2569632","36.4603293","36.3788591","36.6386167","",
"Panama","PAN","Control of Corruption - Governance score (0-100)","GOV_WGI_CC_SC","","","","","","","","","","","","","","","","","","","","","","","","","","","","","","","","","","","","","41.2848383","","41.2592145","","38.0423509","","38.1984131","39.5257255","39.6845183","38.1384618","39.118731","38.1179794","43.4541438","41.8105676","40.9835613","40.8264444","38.5631332","39.1491722","39.8747927","39.2716193","37.6620671","36.5408642","36.7609585","36.8493715","37.3493253","37.2569632","36.4603293","36.3788591","36.6386167","",
"Peru","PER","Control of Corruption - Governance score (0-100)","GOV_WGI_CC_SC","","","","","","","","","","","","","","","","","","","","","","","","","","","","","","","","","","","","","39.3305222","","36.4012159","","37.4999871","","42.9354504","46.6892997","39.5523471","39.7548414","42.5729812","40.6555776","41.7295165","40.0655631","42.5648724","42.8304394","40.5576794","39.777601","36.0821364","35.8719159","37.5060272","35.8478002","35.9570721","37.9326499","37.7727478","37.5375351","34.8686443","34.3843372","33.2730365","",
"Peru","PER","Control of Corruption - Governance score (0-100)","GOV_WGI_CC_SC","","","","","","","","","","","","","","","","","","","","","","","","","","","","","","","","","","","","","39.3305222","","36.4012159","","37.4999871","","42.9354504","46.6892997","39.5523471","39.7548414","42.5729812","40.6555776","41.7295165","40.0655631","42.5648724","42.8304394","40.5576794","39.777601","36.0821364","35.8719159","37.5060272","35.8478002","35.9570721","37.9326499","37.7727478","37.5375351","34.8686443","34.3843372","33.2730365","",
"Philippines","PHL","Control of Corruption - Governance score (0-100)","GOV_WGI_CC_SC","","","","","","","","","","","","","","","","","","","","","","","","","","","","","","","","","","","","","40.6726614","","42.5070646","","35.295854","","33.6622913","34.7917467","34.5330417","32.883557","34.4744687","33.9573259","33.9398088","31.1057896","32.0242391","36.4075535","35.0301353","37.771084","36.0602614","35.9037134","35.44452","34.9637026","34.9238369","35.4840983","36.9393411","36.2283633","36.1659708","36.3367608","36.1832247","",
"Philippines","PHL","Control of Corruption - Governance score (0-100)","GOV_WGI_CC_SC","","","","","","","","","","","","","","","","","","","","","","","","","","","","","","","","","","","","","40.6726614","","42.5070646","","35.295854","","33.6622913","34.7917467","34.5330417","32.883557","34.4744687","33.9573259","33.9398088","31.1057896","32.0242391","36.4075535","35.0301353","37.771084","36.0602614","35.9037134","35.44452","34.9637026","34.9238369","35.4840983","36.9393411","36.2283633","36.1659708","36.3367608","36.1832247","",
"Palau","PLW","Control of Corruption - Governance score (0-100)","GOV_WGI_CC_SC","","","","","","","","","","","","","","","","","","","","","","","","","","","","","","","","","","","","","","","","","","","","","","","","","44.0166965","44.0110491","44.1078138","43.8654335","43.3617715","43.4000483","42.9511295","57.9237278","56.7893315","56.7452353","56.8202363","56.9235673","56.9495311","56.8989718","56.8816086","56.821969","58.0754604","",
"Palau","PLW","Control of Corruption - Governance score (0-100)","GOV_WGI_CC_SC","","","","","","","","","","","","","","","","","","","","","","","","","","","","","","","","","","","","","","","","","","","","","","","","","44.0166965","44.0110491","44.1078138","43.8654335","43.3617715","43.4000483","42.9511295","57.9237278","56.7893315","56.7452353","56.8202363","56.9235673","56.9495311","56.8989718","56.8816086","56.821969","58.0754604","",
"Papua New Guinea","PNG","Control of Corruption - Governance score (0-100)","GOV_WGI_CC_SC","","","","","","","","","","","","","","","","","","","","","","","","","","","","","","","","","","","","","41.2347405","","40.4355602","","33.9081491","","30.6288666","30.6107768","25.54745","23.7266693","26.5075566","26.6350843","25.9565476","25.613992","28.1893002","28.0800303","27.5393324","27.5407898","28.1345185","28.1497462","27.9238993","27.7222268","28.8277648","27.8739452","36.7534935","34.5603779","35.9482103","35.6730429","31.7152136","",
"Papua New Guinea","PNG","Control of Corruption - Governance score (0-100)","GOV_WGI_CC_SC","","","","","","","","","","","","","","","","","","","","","","","","","","","","","","","","","","","","","41.2347405","","40.4355602","","33.9081491","","30.6288666","30.6107768","25.54745","23.7266693","26.5075566","26.6350843","25.9565476","25.613992","28.1893002","28.0800303","27.5393324","27.5407898","28.1345185","28.1497462","27.9238993","27.7222268","28.8277648","27.8739452","36.7534935","34.5603779","35.9482103","35.6730429","31.7152136","",
"Poland","POL","Control of Corruption - Governance score (0-100)","GOV_WGI_CC_SC","","","","","","","","","","","","","","","","","","","","","","","","","","","","","","","","","","","","","64.9089235","","63.0391138","","57.9007841","","54.8222956","55.1652297","50.1349432","52.9248542","54.4327453","54.290006","56.5039623","59.472272","60.7917306","63.2766725","64.3217571","64.1927659","63.5183949","64.7705463","65.4782389","64.6441157","63.5788766","62.3529926","62.9185856","61.7601929","61.3638697","63.1064958","63.9280835","",
"Poland","POL","Control of Corruption - Governance score (0-100)","GOV_WGI_CC_SC","","","","","","","","","","","","","","","","","","","","","","","","","","","","","","","","","","","","","64.9089235","","63.0391138","","57.9007841","","54.8222956","55.1652297","50.1349432","52.9248542","54.4327453","54.290006","56.5039623","59.472272","60.7917306","63.2766725","64.3217571","64.1927659","63.5183949","64.7705463","65.4782389","64.6441157","63.5788766","62.3529926","62.9185856","61.7601929","61.3638697","63.1064958","63.9280835","",
"Pre-demographic dividend","PRE","Control of Corruption - Governance score (0-100)","GOV_WGI_CC_SC","","","","","","","","","","","","","","","","","","","","","","","","","","","","","","","","","","","","","","","","","","","","","","","","","","","","","","","","","","","","","","","","","","",
"Pre-demographic dividend","PRE","Control of Corruption - Governance score (0-100)","GOV_WGI_CC_SC","","","","","","","","","","","","","","","","","","","","","","","","","","","","","","","","","","","","","","","","","","","","","","","","","","","","","","","","","","","","","","","","","","",
"Puerto Rico (US)","PRI","Control of Corruption - Governance score (0-100)","GOV_WGI_CC_SC","","","","","","","","","","","","","","","","","","","","","","","","","","","","","","","","","","","","","56.4888824","","56.3984412","","65.6077625","","74.8943134","74.8304574","68.945039","74.7177667","60.8113629","57.8309103","57.5319995","59.37774","59.1273138","58.1688832","59.4629589","58.4662374","57.4483331","52.9460471","52.967746","52.7274041","52.7538071","53.5808074","53.5901975","58.0102057","57.5068939","54.9944681","55.9048574","",
"Puerto Rico (US)","PRI","Control of Corruption - Governance score (0-100)","GOV_WGI_CC_SC","","","","","","","","","","","","","","","","","","","","","","","","","","","","","","","","","","","","","56.4888824","","56.3984412","","65.6077625","","74.8943134","74.8304574","68.945039","74.7177667","60.8113629","57.8309103","57.5319995","59.37774","59.1273138","58.1688832","59.4629589","58.4662374","57.4483331","52.9460471","52.967746","52.7274041","52.7538071","53.5808074","53.5901975","58.0102057","57.5068939","54.9944681","55.9048574","",
"Korea, Dem. People's Rep.","PRK","Control of Corruption - Governance score (0-100)","GOV_WGI_CC_SC","","","","","","","","","","","","","","","","","","","","","","","","","","","","","","","","","","","","","21.6936784","","21.6519748","","21.6421313","","25.0419217","16.2754224","22.3646003","23.7311083","21.7423047","21.6961783","20.1342423","23.1955396","28.2813243","28.2711347","22.1206878","22.122297","22.1034238","22.1202445","19.117348","19.1076503","15.726555","15.9258673","16.0042891","14.424496","14.4206765","16.3175329","16.3310097","",
"Korea, Dem. People's Rep.","PRK","Control of Corruption - Governance score (0-100)","GOV_WGI_CC_SC","","","","","","","","","","","","","","","","","","","","","","","","","","","","","","","","","","","","","21.6936784","","21.6519748","","21.6421313","","25.0419217","16.2754224","22.3646003","23.7311083","21.7423047","21.6961783","20.1342423","23.1955396","28.2813243","28.2711347","22.1206878","22.122297","22.1034238","22.1202445","19.117348","19.1076503","15.726555","15.9258673","16.0042891","14.424496","14.4206765","16.3175329","16.3310097","",
"Portugal","PRT","Control of Corruption - Governance score (0-100)","GOV_WGI_CC_SC","","","","","","","","","","","","","","","","","","","","","","","","","","","","","","","","","","","","","79.7657099","","76.0114801","","74.2381415","","73.4954918","72.6560106","72.0044275","72.0215134","65.7509734","66.3175481","66.6567841","65.8129975","62.8593305","63.9158232","64.0154764","62.7587038","61.7003974","62.5065712","62.2952475","64.4362898","64.1101359","63.9897898","63.9652875","64.4289643","63.7659063","63.7407846","64.5372586","",
"Portugal","PRT","Control of Corruption - Governance score (0-100)","GOV_WGI_CC_SC","","","","","","","","","","","","","","","","","","","","","","","","","","","","","","","","","","","","","79.7657099","","76.0114801","","74.2381415","","73.4954918","72.6560106","72.0044275","72.0215134","65.7509734","66.3175481","66.6567841","65.8129975","62.8593305","63.9158232","64.0154764","62.7587038","61.7003974","62.5065712","62.2952475","64.4362898","64.1101359","63.9897898","63.9652875","64.4289643","63.7659063","63.7407846","64.5372586","",
"Paraguay","PRY","Control of Corruption - Governance score (0-100)","GOV_WGI_CC_SC","","","","","","","","","","","","","","","","","","","","","","","","","","","","","","","","","","","","","22.1549202","","18.1294923","","18.3655188","","15.4118497","15.7558182","19.9723505","22.3172978","27.9270145","26.4767874","29.678225","30.5203012","33.6778227","34.2402681","32.5131126","28.6721114","28.0979704","28.6030858","31.5182756","31.07147","30.2254609","30.1224437","31.4563082","29.5261119","28.5471948","27.3112832","27.1095641","",
"Paraguay","PRY","Control of Corruption - Governance score (0-100)","GOV_WGI_CC_SC","","","","","","","","","","","","","","","","","","","","","","","","","","","","","","","","","","","","","22.1549202","","18.1294923","","18.3655188","","15.4118497","15.7558182","19.9723505","22.3172978","27.9270145","26.4767874","29.678225","30.5203012","33.6778227","34.2402681","32.5131126","28.6721114","28.0979704","28.6030858","31.5182756","31.07147","30.2254609","30.1224437","31.4563082","29.5261119","28.5471948","27.3112832","27.1095641","",
"West Bank and Gaza","PSE","Control of Corruption - Governance score (0-100)","GOV_WGI_CC_SC","","","","","","","","","","","","","","","","","","","","","","","","","","","","","","","","","","","","","40.7739156","","40.7177353","","40.5534772","","40.4371937","40.3975263","48.332467","42.5610934","41.7563871","43.4506521","38.6823356","47.4689935","47.4876906","38.4352796","39.1717719","41.0848378","39.0883666","38.6405652","42.1414216","41.6306669","41.7061517","41.4153132","36.9873075","35.8668556","36.2997694","35.7294277","36.3001054","",
"West Bank and Gaza","PSE","Control of Corruption - Governance score (0-100)","GOV_WGI_CC_SC","","","","","","","","","","","","","","","","","","","","","","","","","","","","","","","","","","","","","40.7739156","","40.7177353","","40.5534772","","40.4371937","40.3975263","48.332467","42.5610934","41.7563871","43.4506521","38.6823356","47.4689935","47.4876906","38.4352796","39.1717719","41.0848378","39.0883666","38.6405652","42.1414216","41.6306669","41.7061517","41.4153132","36.9873075","35.8668556","36.2997694","35.7294277","36.3001054","",
"Pacific island small states","PSS","Control of Corruption - Governance score (0-100)","GOV_WGI_CC_SC","","","","","","","","","","","","","","","","","","","","","","","","","","","","","","","","","","","","","","","","","","","","","","","","","","","","","","","","","","","","","","","","","","",
"Pacific island small states","PSS","Control of Corruption - Governance score (0-100)","GOV_WGI_CC_SC","","","","","","","","","","","","","","","","","","","","","","","","","","","","","","","","","","","","","","","","","","","","","","","","","","","","","","","","","","","","","","","","","","",
"Post-demographic dividend","PST","Control of Corruption - Governance score (0-100)","GOV_WGI_CC_SC","","","","","","","","","","","","","","","","","","","","","","","","","","","","","","","","","","","","","","","","","","","","","","","","","","","","","","","","","","","","","","","","","","",
"Post-demographic dividend","PST","Control of Corruption - Governance score (0-100)","GOV_WGI_CC_SC","","","","","","","","","","","","","","","","","","","","","","","","","","","","","","","","","","","","","","","","","","","","","","","","","","","","","","","","","","","","","","","","","","",
"French Polynesia","PYF","Control of Corruption - Governance score (0-100)","GOV_WGI_CC_SC","","","","","","","","","","","","","","","","","","","","","","","","","","","","","","","","","","","","","","","","","","","","","","","","","","","","","","","","","","","","","","43.7336996","43.6448777","43.3397791","43.6337247","",
"French Polynesia","PYF","Control of Corruption - Governance score (0-100)","GOV_WGI_CC_SC","","","","","","","","","","","","","","","","","","","","","","","","","","","","","","","","","","","","","","","","","","","","","","","","","","","","","","","","","","","","","","43.7336996","43.6448777","43.3397791","43.6337247","",
"Qatar","QAT","Control of Corruption - Governance score (0-100)","GOV_WGI_CC_SC","","","","","","","","","","","","","","","","","","","","","","","","","","","","","","","","","","","","","48.8154603","","49.1617262","","57.0864185","","59.9131043","59.8971985","59.0748032","61.3422275","64.5775453","66.2746077","70.0333999","75.6555671","75.0734186","71.142298","71.2513311","71.6710636","65.2983524","64.9592622","65.2654539","62.9507858","63.0233052","65.6191706","65.5597273","64.846446","64.4481756","63.5576817","63.1337308","",
"Qatar","QAT","Control of Corruption - Governance score (0-100)","GOV_WGI_CC_SC","","","","","","","","","","","","","","","","","","","","","","","","","","","","","","","","","","","","","48.8154603","","49.1617262","","57.0864185","","59.9131043","59.8971985","59.0748032","61.3422275","64.5775453","66.2746077","70.0333999","75.6555671","75.0734186","71.142298","71.2513311","71.6710636","65.2983524","64.9592622","65.2654539","62.9507858","63.0233052","65.6191706","65.5597273","64.846446","64.4481756","63.5576817","63.1337308","",
"Romania","ROU","Control of Corruption - Governance score (0-100)","GOV_WGI_CC_SC","","","","","","","","","","","","","","","","","","","","","","","","","","","","","","","","","","","","","42.6516378","","39.0687303","","36.6936858","","36.3989488","36.6600019","41.2116894","40.6939494","42.6949648","41.0673632","41.9004663","41.2832979","41.9325411","44.2529213","40.5936121","42.145986","43.1852229","45.870394","46.4406486","46.8632271","44.434919","45.4274242","46.8483759","48.0492494","49.1951187","48.4922799","48.3805649","",
"Romania","ROU","Control of Corruption - Governance score (0-100)","GOV_WGI_CC_SC","","","","","","","","","","","","","","","","","","","","","","","","","","","","","","","","","","","","","42.6516378","","39.0687303","","36.6936858","","36.3989488","36.6600019","41.2116894","40.6939494","42.6949648","41.0673632","41.9004663","41.2832979","41.9325411","44.2529213","40.5936121","42.145986","43.1852229","45.870394","46.4406486","46.8632271","44.434919","45.4274242","46.8483759","48.0492494","49.1951187","48.4922799","48.3805649","",
"Russian Federation","RUS","Control of Corruption - Governance score (0-100)","GOV_WGI_CC_SC","","","","","","","","","","","","","","","","","","","","","","","","","","","","","","","","","","","","","28.2117784","","29.309738","","25.8902546","","25.4065487","27.581623","29.8077242","29.4265255","28.0761035","25.9753925","24.775531","24.3372451","26.0840733","28.7356293","26.2186553","27.5690854","29.8878564","29.3654771","31.1261242","29.3654872","29.8654369","32.2767016","32.1746559","32.0898257","32.2120461","29.8857189","29.8168147","",
"Russian Federation","RUS","Control of Corruption - Governance score (0-100)","GOV_WGI_CC_SC","","","","","","","","","","","","","","","","","","","","","","","","","","","","","","","","","","","","","28.2117784","","29.309738","","25.8902546","","25.4065487","27.581623","29.8077242","29.4265255","28.0761035","25.9753925","24.775531","24.3372451","26.0840733","28.7356293","26.2186553","27.5690854","29.8878564","29.3654771","31.1261242","29.3654872","29.8654369","32.2767016","32.1746559","32.0898257","32.2120461","29.8857189","29.8168147","",
"Rwanda","RWA","Control of Corruption - Governance score (0-100)","GOV_WGI_CC_SC","","","","","","","","","","","","","","","","","","","","","","","","","","","","","","","","","","","","","31.5931835","","31.5370031","","32.701535","","33.3704448","33.3307775","40.6014416","40.5728362","43.3195659","45.2424854","48.784092","48.5136246","53.4785148","53.8047476","56.5006427","56.5141033","57.7655423","57.9772566","59.6101614","58.1008838","56.6843549","57.0042683","58.2481571","57.3582117","58.5414347","61.6362844","60.5157778","",
"Rwanda","RWA","Control of Corruption - Governance score (0-100)","GOV_WGI_CC_SC","","","","","","","","","","","","","","","","","","","","","","","","","","","","","","","","","","","","","31.5931835","","31.5370031","","32.701535","","33.3704448","33.3307775","40.6014416","40.5728362","43.3195659","45.2424854","48.784092","48.5136246","53.4785148","53.8047476","56.5006427","56.5141033","57.7655423","57.9772566","59.6101614","58.1008838","56.6843549","57.0042683","58.2481571","57.3582117","58.5414347","61.6362844","60.5157778","",
"South Asia","SAS","Control of Corruption - Governance score (0-100)","GOV_WGI_CC_SC","","","","","","","","","","","","","","","","","","","","","","","","","","","","","","","","","","","","","","","","","","","","","","","","","","","","","","","","","","","","","","","","","","",
"South Asia","SAS","Control of Corruption - Governance score (0-100)","GOV_WGI_CC_SC","","","","","","","","","","","","","","","","","","","","","","","","","","","","","","","","","","","","","","","","","","","","","","","","","","","","","","","","","","","","","","","","","","",
"Saudi Arabia","SAU","Control of Corruption - Governance score (0-100)","GOV_WGI_CC_SC","","","","","","","","","","","","","","","","","","","","","","","","","","","","","","","","","","","","","40.1271683","","40.1015445","","40.0266285","","47.0530542","42.317616","38.1760888","39.7139758","41.2543647","41.337442","43.7758465","42.558632","45.3921533","43.5393606","43.9064712","44.2605847","42.7766758","45.000931","50.2916026","50.0814185","51.0050357","52.166833","54.3630881","52.642418","53.4564616","57.5090881","63.0932113","",
"Saudi Arabia","SAU","Control of Corruption - Governance score (0-100)","GOV_WGI_CC_SC","","","","","","","","","","","","","","","","","","","","","","","","","","","","","","","","","","","","","40.1271683","","40.1015445","","40.0266285","","47.0530542","42.317616","38.1760888","39.7139758","41.2543647","41.337442","43.7758465","42.558632","45.3921533","43.5393606","43.9064712","44.2605847","42.7766758","45.000931","50.2916026","50.0814185","51.0050357","52.166833","54.3630881","52.642418","53.4564616","57.5090881","63.0932113","",
"Sudan","SDN","Control of Corruption - Governance score (0-100)","GOV_WGI_CC_SC","","","","","","","","","","","","","","","","","","","","","","","","","","","","","","","","","","","","","21.2060882","","21.1804644","","24.2579307","","23.901874","21.199706","21.4189907","19.2128699","23.5193515","21.2756179","18.9736089","18.9270635","17.9430901","18.1804565","16.0317852","16.0880445","16.5592614","17.8810781","17.8754388","17.888025","17.1188487","18.0777287","19.86286","21.6920976","18.5798645","18.4772419","16.3300138","",
"Sudan","SDN","Control of Corruption - Governance score (0-100)","GOV_WGI_CC_SC","","","","","","","","","","","","","","","","","","","","","","","","","","","","","","","","","","","","","21.2060882","","21.1804644","","24.2579307","","23.901874","21.199706","21.4189907","19.2128699","23.5193515","21.2756179","18.9736089","18.9270635","17.9430901","18.1804565","16.0317852","16.0880445","16.5592614","17.8810781","17.8754388","17.888025","17.1188487","18.0777287","19.86286","21.6920976","18.5798645","18.4772419","16.3300138","",
"Senegal","SEN","Control of Corruption - Governance score (0-100)","GOV_WGI_CC_SC","","","","","","","","","","","","","","","","","","","","","","","","","","","","","","","","","","","","","47.0178947","","50.9920751","","50.9171591","","55.2142628","44.5220629","44.7384833","44.1257842","41.9074355","40.4411691","40.3038262","38.8558724","36.5232602","40.3257276","42.573805","43.3654595","48.5756285","49.4870866","48.492958","47.4956779","48.4035977","47.8481741","47.5398955","48.5853789","48.1977676","48.6261858","50.1429568","",
"Senegal","SEN","Control of Corruption - Governance score (0-100)","GOV_WGI_CC_SC","","","","","","","","","","","","","","","","","","","","","","","","","","","","","","","","","","","","","47.0178947","","50.9920751","","50.9171591","","55.2142628","44.5220629","44.7384833","44.1257842","41.9074355","40.4411691","40.3038262","38.8558724","36.5232602","40.3257276","42.573805","43.3654595","48.5756285","49.4870866","48.492958","47.4956779","48.4035977","47.8481741","47.5398955","48.5853789","48.1977676","48.6261858","50.1429568","",
"Singapore","SGP","Control of Corruption - Governance score (0-100)","GOV_WGI_CC_SC","","","","","","","","","","","","","","","","","","","","","","","","","","","","","","","","","","","","","87.4922336","","85.7782654","","86.3210604","","90.5837191","90.454906","88.4177008","88.3993762","91.3727665","91.7772592","91.7466357","91.1895523","89.7960967","89.806347","90.1227627","89.4372811","89.4723597","89.9569319","90.4515115","90.6151744","90.8769177","90.7440179","90.9144779","89.9585047","89.0057518","86.801475","87.6926389","",
"Singapore","SGP","Control of Corruption - Governance score (0-100)","GOV_WGI_CC_SC","","","","","","","","","","","","","","","","","","","","","","","","","","","","","","","","","","","","","87.4922336","","85.7782654","","86.3210604","","90.5837191","90.454906","88.4177008","88.3993762","91.3727665","91.7772592","91.7466357","91.1895523","89.7960967","89.806347","90.1227627","89.4372811","89.4723597","89.9569319","90.4515115","90.6151744","90.8769177","90.7440179","90.9144779","89.9585047","89.0057518","86.801475","87.6926389","",
"Solomon Islands","SLB","Control of Corruption - Governance score (0-100)","GOV_WGI_CC_SC","","","","","","","","","","","","","","","","","","","","","","","","","","","","","","","","","","","","","56.2792347","","56.1628783","","46.878554","","46.5751739","46.4930195","43.9348519","46.9691612","42.1104115","38.1286183","39.2893286","41.4233572","39.5247073","39.1997922","39.7345553","39.6563805","39.7617579","39.733687","39.5365729","44.8299649","44.8627117","47.8640293","47.3357009","44.3157328","44.3082596","44.2825853","45.0189156","",
"Solomon Islands","SLB","Control of Corruption - Governance score (0-100)","GOV_WGI_CC_SC","","","","","","","","","","","","","","","","","","","","","","","","","","","","","","","","","","","","","56.2792347","","56.1628783","","46.878554","","46.5751739","46.4930195","43.9348519","46.9691612","42.1104115","38.1286183","39.2893286","41.4233572","39.5247073","39.1997922","39.7345553","39.6563805","39.7617579","39.733687","39.5365729","44.8299649","44.8627117","47.8640293","47.3357009","44.3157328","44.3082596","44.2825853","45.0189156","",
"Sierra Leone","SLE","Control of Corruption - Governance score (0-100)","GOV_WGI_CC_SC","","","","","","","","","","","","","","","","","","","","","","","","","","","","","","","","","","","","","34.7625544","","34.4070037","","34.2850727","","31.573282","31.408775","31.0022703","26.8260207","27.3696921","28.4850776","29.8234803","32.5419022","35.0645095","34.3604927","32.2871827","31.6292802","30.806733","31.6857156","31.1224423","34.392031","37.0948912","37.4729748","38.5206159","38.1793132","36.6545609","36.3438919","33.6395176","",
"Sierra Leone","SLE","Control of Corruption - Governance score (0-100)","GOV_WGI_CC_SC","","","","","","","","","","","","","","","","","","","","","","","","","","","","","","","","","","","","","34.7625544","","34.4070037","","34.2850727","","31.573282","31.408775","31.0022703","26.8260207","27.3696921","28.4850776","29.8234803","32.5419022","35.0645095","34.3604927","32.2871827","31.6292802","30.806733","31.6857156","31.1224423","34.392031","37.0948912","37.4729748","38.5206159","38.1793132","36.6545609","36.3438919","33.6395176","",
"El Salvador","SLV","Control of Corruption - Governance score (0-100)","GOV_WGI_CC_SC","","","","","","","","","","","","","","","","","","","","","","","","","","","","","","","","","","","","","30.0189568","","32.832856","","33.280372","","33.1580423","36.7660513","40.0908064","39.2668625","40.2352499","39.4762309","39.5536527","42.7294968","42.6730068","44.45176","39.4985633","40.8632091","38.0404523","37.2559025","36.4629222","37.1622409","36.12166","37.3123805","37.5165892","36.4858376","34.0875275","35.5083699","36.1837975","",
"El Salvador","SLV","Control of Corruption - Governance score (0-100)","GOV_WGI_CC_SC","","","","","","","","","","","","","","","","","","","","","","","","","","","","","","","","","","","","","30.0189568","","32.832856","","33.280372","","33.1580423","36.7660513","40.0908064","39.2668625","40.2352499","39.4762309","39.5536527","42.7294968","42.6730068","44.45176","39.4985633","40.8632091","38.0404523","37.2559025","36.4629222","37.1622409","36.12166","37.3123805","37.5165892","36.4858376","34.0875275","35.5083699","36.1837975","",
"San Marino","SMR","Control of Corruption - Governance score (0-100)","GOV_WGI_CC_SC","","","","","","","","","","","","","","","","","","","","","","","","","","","","","","","","","","","","","","","","","","","","","","","","","","","","","","","","71.5074391","71.5708781","71.5254905","71.6026897","71.7090468","71.7357717","71.6837307","71.6658595","71.604473","71.6636167","",
"San Marino","SMR","Control of Corruption - Governance score (0-100)","GOV_WGI_CC_SC","","","","","","","","","","","","","","","","","","","","","","","","","","","","","","","","","","","","","","","","","","","","","","","","","","","","","","","","71.5074391","71.5708781","71.5254905","71.6026897","71.7090468","71.7357717","71.6837307","71.6658595","71.604473","71.6636167","",
"Somalia, Fed. Rep.","SOM","Control of Corruption - Governance score (0-100)","GOV_WGI_CC_SC","","","","","","","","","","","","","","","","","","","","","","","","","","","","","","","","","","","","","15.1395971","","15.0978934","","15.17772","","19.6392699","15.2412966","14.5724272","14.2986342","14.3814949","14.3499323","13.7299847","15.7472641","13.7563837","14.2226191","14.4754845","14.5471172","12.6356565","12.841268","12.7357367","13.0015162","11.2901025","14.7731463","16.4911223","15.4054716","15.4929758","15.1272497","11.7011473","",
"Somalia, Fed. Rep.","SOM","Control of Corruption - Governance score (0-100)","GOV_WGI_CC_SC","","","","","","","","","","","","","","","","","","","","","","","","","","","","","","","","","","","","","15.1395971","","15.0978934","","15.17772","","19.6392699","15.2412966","14.5724272","14.2986342","14.3814949","14.3499323","13.7299847","15.7472641","13.7563837","14.2226191","14.4754845","14.5471172","12.6356565","12.841268","12.7357367","13.0015162","11.2901025","14.7731463","16.4911223","15.4054716","15.4929758","15.1272497","11.7011473","",
"Serbia","SRB","Control of Corruption - Governance score (0-100)","GOV_WGI_CC_SC","","","","","","","","","","","","","","","","","","","","","","","","","","","","","","","","","","","","","26.9010298","","21.7349772","","24.1695865","","24.2699784","32.6817934","35.5097585","35.2087324","43.0646116","41.5610745","41.5602972","41.0930599","40.4481707","41.131203","39.9058554","40.3926016","43.3843449","41.2991308","40.7552813","39.5919173","40.0223211","40.4959204","40.4013317","38.32536","38.0396082","37.6998115","36.502794","",
"Serbia","SRB","Control of Corruption - Governance score (0-100)","GOV_WGI_CC_SC","","","","","","","","","","","","","","","","","","","","","","","","","","","","","","","","","","","","","26.9010298","","21.7349772","","24.1695865","","24.2699784","32.6817934","35.5097585","35.2087324","43.0646116","41.5610745","41.5602972","41.0930599","40.4481707","41.131203","39.9058554","40.3926016","43.3843449","41.2991308","40.7552813","39.5919173","40.0223211","40.4959204","40.4013317","38.32536","38.0396082","37.6998115","36.502794","",
"Sub-Saharan Africa (excluding high income)","SSA","Control of Corruption - Governance score (0-100)","GOV_WGI_CC_SC","","","","","","","","","","","","","","","","","","","","","","","","","","","","","","","","","","","","","","","","","","","","","","","","","","","","","","","","","","","","","","","","","","",
"Sub-Saharan Africa (excluding high income)","SSA","Control of Corruption - Governance score (0-100)","GOV_WGI_CC_SC","","","","","","","","","","","","","","","","","","","","","","","","","","","","","","","","","","","","","","","","","","","","","","","","","","","","","","","","","","","","","","","","","","",
"South Sudan","SSD","Control of Corruption - Governance score (0-100)","GOV_WGI_CC_SC","","","","","","","","","","","","","","","","","","","","","","","","","","","","","","","","","","","","","","","","","","","","","","","","","","","43.519615","23.0069755","20.6950907","19.0386874","13.0742096","12.0121767","11.5829003","12.3065737","10.8040405","9.6764069","11.28168","10.9457697","10.1828622","9.8530123","6.061704","",
"South Sudan","SSD","Control of Corruption - Governance score (0-100)","GOV_WGI_CC_SC","","","","","","","","","","","","","","","","","","","","","","","","","","","","","","","","","","","","","","","","","","","","","","","","","","","43.519615","23.0069755","20.6950907","19.0386874","13.0742096","12.0121767","11.5829003","12.3065737","10.8040405","9.6764069","11.28168","10.9457697","10.1828622","9.8530123","6.061704","",
"Sub-Saharan Africa","SSF","Control of Corruption - Governance score (0-100)","GOV_WGI_CC_SC","","","","","","","","","","","","","","","","","","","","","","","","","","","","","","","","","","","","","","","","","","","","","","","","","","","","","","","","","","","","","","","","","","",
"Sub-Saharan Africa","SSF","Control of Corruption - Governance score (0-100)","GOV_WGI_CC_SC","","","","","","","","","","","","","","","","","","","","","","","","","","","","","","","","","","","","","","","","","","","","","","","","","","","","","","","","","","","","","","","","","","",
"Small states","SST","Control of Corruption - Governance score (0-100)","GOV_WGI_CC_SC","","","","","","","","","","","","","","","","","","","","","","","","","","","","","","","","","","","","","","","","","","","","","","","","","","","","","","","","","","","","","","","","","","",
"Small states","SST","Control of Corruption - Governance score (0-100)","GOV_WGI_CC_SC","","","","","","","","","","","","","","","","","","","","","","","","","","","","","","","","","","","","","","","","","","","","","","","","","","","","","","","","","","","","","","","","","","",
"Sao Tome and Principe","STP","Control of Corruption - Governance score (0-100)","GOV_WGI_CC_SC","","","","","","","","","","","","","","","","","","","","","","","","","","","","","","","","","","","","","54.7787622","","54.7225818","","52.2329398","","52.1166563","46.1919571","41.3199493","39.4106948","38.5604472","40.2412475","41.9584239","42.9845118","43.3007474","44.6562278","44.6322254","43.9328763","46.2215502","46.2401805","45.4882966","49.8006138","51.0235871","51.416874","49.661433","51.1349216","50.7868765","50.3213678","51.5825975","",
"Sao Tome and Principe","STP","Control of Corruption - Governance score (0-100)","GOV_WGI_CC_SC","","","","","","","","","","","","","","","","","","","","","","","","","","","","","","","","","","","","","54.7787622","","54.7225818","","52.2329398","","52.1166563","46.1919571","41.3199493","39.4106948","38.5604472","40.2412475","41.9584239","42.9845118","43.3007474","44.6562278","44.6322254","43.9328763","46.2215502","46.2401805","45.4882966","49.8006138","51.0235871","51.416874","49.661433","51.1349216","50.7868765","50.3213678","51.5825975","",
"Suriname","SUR","Control of Corruption - Governance score (0-100)","GOV_WGI_CC_SC","","","","","","","","","","","","","","","","","","","","","","","","","","","","","","","","","","","","","55.6051329","","55.5634293","","59.8100243","","54.4727587","54.4433134","53.0731882","53.6303607","50.6764164","49.7252384","50.0277177","45.6250949","44.5664303","44.855949","45.0537108","44.5847306","41.3471458","43.7647218","44.2369244","43.899324","42.0124466","42.1488199","41.7293647","41.54762","41.601345","41.1905006","40.2263093","",
"Suriname","SUR","Control of Corruption - Governance score (0-100)","GOV_WGI_CC_SC","","","","","","","","","","","","","","","","","","","","","","","","","","","","","","","","","","","","","55.6051329","","55.5634293","","59.8100243","","54.4727587","54.4433134","53.0731882","53.6303607","50.6764164","49.7252384","50.0277177","45.6250949","44.5664303","44.855949","45.0537108","44.5847306","41.3471458","43.7647218","44.2369244","43.899324","42.0124466","42.1488199","41.7293647","41.54762","41.601345","41.1905006","40.2263093","",
"Slovak Republic","SVK","Control of Corruption - Governance score (0-100)","GOV_WGI_CC_SC","","","","","","","","","","","","","","","","","","","","","","","","","","","","","","","","","","","","","55.3059914","","56.8777587","","55.3540407","","48.6859813","53.7461706","55.1737858","56.8976662","57.5439015","55.5984168","54.3244733","51.5025767","52.4691039","52.4684865","51.4441657","50.8810118","51.6217183","51.7549866","53.6057834","52.4419013","53.1998071","52.9146282","56.3508392","55.0911781","55.4957092","55.6401022","50.0979964","",
"Slovak Republic","SVK","Control of Corruption - Governance score (0-100)","GOV_WGI_CC_SC","","","","","","","","","","","","","","","","","","","","","","","","","","","","","","","","","","","","","55.3059914","","56.8777587","","55.3540407","","48.6859813","53.7461706","55.1737858","56.8976662","57.5439015","55.5984168","54.3244733","51.5025767","52.4691039","52.4684865","51.4441657","50.8810118","51.6217183","51.7549866","53.6057834","52.4419013","53.1998071","52.9146282","56.3508392","55.0911781","55.4957092","55.6401022","50.0979964","",
"Slovenia","SVN","Control of Corruption - Governance score (0-100)","GOV_WGI_CC_SC","","","","","","","","","","","","","","","","","","","","","","","","","","","","","","","","","","","","","75.4309468","","73.9369171","","64.7221205","","63.6659455","63.84063","65.4620113","64.7805659","67.3040658","67.8094747","65.720018","66.2317078","62.5919641","62.0211326","61.7056359","60.0035374","60.0740589","61.1644339","63.2807451","63.9308607","64.4444248","65.0294052","63.5626752","61.9967416","62.9971126","61.6494312","61.5046962","",
"Slovenia","SVN","Control of Corruption - Governance score (0-100)","GOV_WGI_CC_SC","","","","","","","","","","","","","","","","","","","","","","","","","","","","","","","","","","","","","75.4309468","","73.9369171","","64.7221205","","63.6659455","63.84063","65.4620113","64.7805659","67.3040658","67.8094747","65.720018","66.2317078","62.5919641","62.0211326","61.7056359","60.0035374","60.0740589","61.1644339","63.2807451","63.9308607","64.4444248","65.0294052","63.5626752","61.9967416","62.9971126","61.6494312","61.5046962","",
"Sweden","SWE","Control of Corruption - Governance score (0-100)","GOV_WGI_CC_SC","","","","","","","","","","","","","","","","","","","","","","","","","","","","","","","","","","","","","98.0273532","","98.1319553","","96.0169558","","94.7554083","91.5194792","88.8695668","89.0053065","91.1343111","91.5356198","91.5522583","91.2425891","90.9834287","90.8287611","91.761746","89.8628938","88.481239","90.2582494","90.4804812","90.5504542","90.6816537","90.9533315","91.0446593","90.1578919","88.8546204","87.9416867","87.6821741","",
"Sweden","SWE","Control of Corruption - Governance score (0-100)","GOV_WGI_CC_SC","","","","","","","","","","","","","","","","","","","","","","","","","","","","","","","","","","","","","98.0273532","","98.1319553","","96.0169558","","94.7554083","91.5194792","88.8695668","89.0053065","91.1343111","91.5356198","91.5522583","91.2425891","90.9834287","90.8287611","91.761746","89.8628938","88.481239","90.2582494","90.4804812","90.5504542","90.6816537","90.9533315","91.0446593","90.1578919","88.8546204","87.9416867","87.6821741","",
"Eswatini","SWZ","Control of Corruption - Governance score (0-100)","GOV_WGI_CC_SC","","","","","","","","","","","","","","","","","","","","","","","","","","","","","","","","","","","","","48.2858102","","48.2296298","","47.2197777","","47.1034921","47.0638268","41.7151713","41.694867","49.5307152","49.4948229","51.6649462","50.645293","45.9925334","45.1828052","45.598785","45.1331103","42.1000944","42.2130139","42.3114505","46.0711455","42.339989","41.8435289","41.7535169","36.1010623","35.5362263","35.1177346","31.9619862","",
"Eswatini","SWZ","Control of Corruption - Governance score (0-100)","GOV_WGI_CC_SC","","","","","","","","","","","","","","","","","","","","","","","","","","","","","","","","","","","","","48.2858102","","48.2296298","","47.2197777","","47.1034921","47.0638268","41.7151713","41.694867","49.5307152","49.4948229","51.6649462","50.645293","45.9925334","45.1828052","45.598785","45.1331103","42.1000944","42.2130139","42.3114505","46.0711455","42.339989","41.8435289","41.7535169","36.1010623","35.5362263","35.1177346","31.9619862","",
"Sint Maarten (Dutch part)","SXM","Control of Corruption - Governance score (0-100)","GOV_WGI_CC_SC","","","","","","","","","","","","","","","","","","","","","","","","","","","","","","","","","","","","","","","","","","","","","","","","","","","","","","","","","","","","","","","","","","",
"Sint Maarten (Dutch part)","SXM","Control of Corruption - Governance score (0-100)","GOV_WGI_CC_SC","","","","","","","","","","","","","","","","","","","","","","","","","","","","","","","","","","","","","","","","","","","","","","","","","","","","","","","","","","","","","","","","","","",
"Seychelles","SYC","Control of Corruption - Governance score (0-100)","GOV_WGI_CC_SC","","","","","","","","","","","","","","","","","","","","","","","","","","","","","","","","","","","","","60.810867","","60.7546866","","60.5904265","","61.3801358","62.5786614","52.3002956","50.1243771","50.175153","50.138781","50.1484504","56.196044","56.7830526","56.7684342","56.1672302","56.2957215","57.3948813","66.555125","66.3049154","62.4708165","64.3794677","69.5823659","71.0274637","71.0139242","71.123107","71.1677113","72.7680211","",
"Seychelles","SYC","Control of Corruption - Governance score (0-100)","GOV_WGI_CC_SC","","","","","","","","","","","","","","","","","","","","","","","","","","","","","","","","","","","","","60.810867","","60.7546866","","60.5904265","","61.3801358","62.5786614","52.3002956","50.1243771","50.175153","50.138781","50.1484504","56.196044","56.7830526","56.7684342","56.1672302","56.2957215","57.3948813","66.555125","66.3049154","62.4708165","64.3794677","69.5823659","71.0274637","71.0139242","71.123107","71.1677113","72.7680211","",
"Syrian Arab Republic","SYR","Control of Corruption - Governance score (0-100)","GOV_WGI_CC_SC","","","","","","","","","","","","","","","","","","","","","","","","","","","","","","","","","","","","","32.9628653","","32.9372416","","25.9966198","","32.6274651","28.6095691","28.301582","28.4882677","28.4060607","26.0647325","25.6243415","26.6865849","25.7809361","25.4530759","23.7640554","23.3960056","16.8723635","16.8696572","15.6387169","15.6291791","15.6454026","14.3385687","13.6998956","11.6081699","11.5731905","11.7885968","13.4112838","",
"Syrian Arab Republic","SYR","Control of Corruption - Governance score (0-100)","GOV_WGI_CC_SC","","","","","","","","","","","","","","","","","","","","","","","","","","","","","","","","","","","","","32.9628653","","32.9372416","","25.9966198","","32.6274651","28.6095691","28.301582","28.4882677","28.4060607","26.0647325","25.6243415","26.6865849","25.7809361","25.4530759","23.7640554","23.3960056","16.8723635","16.8696572","15.6387169","15.6291791","15.6454026","14.3385687","13.6998956","11.6081699","11.5731905","11.7885968","13.4112838","",
"Turks and Caicos Islands","TCA","Control of Corruption - Governance score (0-100)","GOV_WGI_CC_SC","","","","","","","","","","","","","","","","","","","","","","","","","","","","","","","","","","","","","","","","","","","","","","","","","","","","","","","","","","","","","","","","","","",
"Turks and Caicos Islands","TCA","Control of Corruption - Governance score (0-100)","GOV_WGI_CC_SC","","","","","","","","","","","","","","","","","","","","","","","","","","","","","","","","","","","","","","","","","","","","","","","","","","","","","","","","","","","","","","","","","","",
"Chad","TCD","Control of Corruption - Governance score (0-100)","GOV_WGI_CC_SC","","","","","","","","","","","","","","","","","","","","","","","","","","","","","","","","","","","","","21.6876586","","21.6314762","","21.4672182","","21.3509346","17.7884731","21.3998058","18.6230862","21.6549928","20.050501","16.7005594","17.5795643","19.6084826","20.2141336","19.9930231","18.8820038","17.943339","17.1369811","17.4332564","18.3576246","18.2937241","17.9377342","17.852829","17.6528325","18.1734954","17.7195952","19.7006119","",
"Chad","TCD","Control of Corruption - Governance score (0-100)","GOV_WGI_CC_SC","","","","","","","","","","","","","","","","","","","","","","","","","","","","","","","","","","","","","21.6876586","","21.6314762","","21.4672182","","21.3509346","17.7884731","21.3998058","18.6230862","21.6549928","20.050501","16.7005594","17.5795643","19.6084826","20.2141336","19.9930231","18.8820038","17.943339","17.1369811","17.4332564","18.3576246","18.2937241","17.9377342","17.852829","17.6528325","18.1734954","17.7195952","19.7006119","",
"East Asia & Pacific (IDA & IBRD countries)","TEA","Control of Corruption - Governance score (0-100)","GOV_WGI_CC_SC","","","","","","","","","","","","","","","","","","","","","","","","","","","","","","","","","","","","","","","","","","","","","","","","","","","","","","","","","","","","","","","","","","",
"East Asia & Pacific (IDA & IBRD countries)","TEA","Control of Corruption - Governance score (0-100)","GOV_WGI_CC_SC","","","","","","","","","","","","","","","","","","","","","","","","","","","","","","","","","","","","","","","","","","","","","","","","","","","","","","","","","","","","","","","","","","",
"Europe & Central Asia (IDA & IBRD countries)","TEC","Control of Corruption - Governance score (0-100)","GOV_WGI_CC_SC","","","","","","","","","","","","","","","","","","","","","","","","","","","","","","","","","","","","","","","","","","","","","","","","","","","","","","","","","","","","","","","","","","",
"Europe & Central Asia (IDA & IBRD countries)","TEC","Control of Corruption - Governance score (0-100)","GOV_WGI_CC_SC","","","","","","","","","","","","","","","","","","","","","","","","","","","","","","","","","","","","","","","","","","","","","","","","","","","","","","","","","","","","","","","","","","",
"Togo","TGO","Control of Corruption - Governance score (0-100)","GOV_WGI_CC_SC","","","","","","","","","","","","","","","","","","","","","","","","","","","","","","","","","","","","","33.1403512","","31.55183","","32.3266051","","29.6148143","29.585369","29.1762005","28.9261164","26.1551414","26.8831443","26.7998484","26.9389523","31.9415362","30.6548608","31.2786624","30.7645821","31.8309648","35.0864655","34.6282963","33.0660243","32.5733271","33.5507362","34.8029666","34.6578166","35.0827066","35.9538091","34.4270752","",
"Togo","TGO","Control of Corruption - Governance score (0-100)","GOV_WGI_CC_SC","","","","","","","","","","","","","","","","","","","","","","","","","","","","","","","","","","","","","33.1403512","","31.55183","","32.3266051","","29.6148143","29.585369","29.1762005","28.9261164","26.1551414","26.8831443","26.7998484","26.9389523","31.9415362","30.6548608","31.2786624","30.7645821","31.8309648","35.0864655","34.6282963","33.0660243","32.5733271","33.5507362","34.8029666","34.6578166","35.0827066","35.9538091","34.4270752","",
"Thailand","THA","Control of Corruption - Governance score (0-100)","GOV_WGI_CC_SC","","","","","","","","","","","","","","","","","","","","","","","","","","","","","","","","","","","","","44.1422183","","45.4844142","","45.4447165","","37.1552394","36.5946642","38.9958608","40.7194558","38.5806604","42.9703003","41.7720642","44.4273082","43.4584734","44.874891","40.3402246","42.3034955","38.8211602","36.7757693","39.5817176","40.3466027","40.3060731","40.0524608","40.1221848","39.9738832","39.6776827","38.9620291","37.1805433","",
"Thailand","THA","Control of Corruption - Governance score (0-100)","GOV_WGI_CC_SC","","","","","","","","","","","","","","","","","","","","","","","","","","","","","","","","","","","","","44.1422183","","45.4844142","","45.4447165","","37.1552394","36.5946642","38.9958608","40.7194558","38.5806604","42.9703003","41.7720642","44.4273082","43.4584734","44.874891","40.3402246","42.3034955","38.8211602","36.7757693","39.5817176","40.3466027","40.3060731","40.0524608","40.1221848","39.9738832","39.6776827","38.9620291","37.1805433","",
"Tajikistan","TJK","Control of Corruption - Governance score (0-100)","GOV_WGI_CC_SC","","","","","","","","","","","","","","","","","","","","","","","","","","","","","","","","","","","","","20.3929918","","22.3811174","","19.0444158","","21.2014468","21.1647752","20.9374102","21.3801654","26.1743445","26.3384831","22.4344781","22.1846632","19.9919665","22.7414754","21.3272176","20.8860938","22.7552558","23.4768928","23.8462968","23.2961764","20.5636684","22.1035594","25.916101","25.8430877","25.123315","25.1112895","23.2055692","",
"Tajikistan","TJK","Control of Corruption - Governance score (0-100)","GOV_WGI_CC_SC","","","","","","","","","","","","","","","","","","","","","","","","","","","","","","","","","","","","","20.3929918","","22.3811174","","19.0444158","","21.2014468","21.1647752","20.9374102","21.3801654","26.1743445","26.3384831","22.4344781","22.1846632","19.9919665","22.7414754","21.3272176","20.8860938","22.7552558","23.4768928","23.8462968","23.2961764","20.5636684","22.1035594","25.916101","25.8430877","25.123315","25.1112895","23.2055692","",
"Turkmenistan","TKM","Control of Corruption - Governance score (0-100)","GOV_WGI_CC_SC","","","","","","","","","","","","","","","","","","","","","","","","","","","","","","","","","","","","","29.1430773","","31.7000223","","31.0110308","","27.7239453","27.6853022","21.8423606","17.7943087","17.8370872","17.8064455","17.7141543","17.5632152","17.5681318","17.5558149","17.5302235","17.4568419","18.2495246","18.2698552","18.2109989","18.4503652","18.4703011","20.2783883","20.3355079","20.3220695","20.3174545","20.5275818","21.5970433","",
"Turkmenistan","TKM","Control of Corruption - Governance score (0-100)","GOV_WGI_CC_SC","","","","","","","","","","","","","","","","","","","","","","","","","","","","","","","","","","","","","29.1430773","","31.7000223","","31.0110308","","27.7239453","27.6853022","21.8423606","17.7943087","17.8370872","17.8064455","17.7141543","17.5632152","17.5681318","17.5558149","17.5302235","17.4568419","18.2495246","18.2698552","18.2109989","18.4503652","18.4703011","20.2783883","20.3355079","20.3220695","20.3174545","20.5275818","21.5970433","",
"Latin America & the Caribbean (IDA & IBRD countries)","TLA","Control of Corruption - Governance score (0-100)","GOV_WGI_CC_SC","","","","","","","","","","","","","","","","","","","","","","","","","","","","","","","","","","","","","","","","","","","","","","","","","","","","","","","","","","","","","","","","","","",
"Latin America & the Caribbean (IDA & IBRD countries)","TLA","Control of Corruption - Governance score (0-100)","GOV_WGI_CC_SC","","","","","","","","","","","","","","","","","","","","","","","","","","","","","","","","","","","","","","","","","","","","","","","","","","","","","","","","","","","","","","","","","","",
"Timor-Leste","TLS","Control of Corruption - Governance score (0-100)","GOV_WGI_CC_SC","","","","","","","","","","","","","","","","","","","","","","","","","","","","","","","","","","","","","","","","","","","46.7450206","44.6346281","44.544363","41.3193805","39.4059523","37.7870546","37.9677447","32.8796504","33.214328","31.2619834","31.5065578","32.9677436","34.699925","34.7649165","34.8956627","34.0752794","35.9244812","38.9769552","39.2667755","41.7437726","38.7327897","39.2209244","40.213296","",
"Timor-Leste","TLS","Control of Corruption - Governance score (0-100)","GOV_WGI_CC_SC","","","","","","","","","","","","","","","","","","","","","","","","","","","","","","","","","","","","","","","","","","","46.7450206","44.6346281","44.544363","41.3193805","39.4059523","37.7870546","37.9677447","32.8796504","33.214328","31.2619834","31.5065578","32.9677436","34.699925","34.7649165","34.8956627","34.0752794","35.9244812","38.9769552","39.2667755","41.7437726","38.7327897","39.2209244","40.213296","",
"Middle East, North Africa, Afghanistan & Pakistan (IDA & IBRD)","TMN","Control of Corruption - Governance score (0-100)","GOV_WGI_CC_SC","","","","","","","","","","","","","","","","","","","","","","","","","","","","","","","","","","","","","","","","","","","","","","","","","","","","","","","","","","","","","","","","","","",
"Middle East, North Africa, Afghanistan & Pakistan (IDA & IBRD)","TMN","Control of Corruption - Governance score (0-100)","GOV_WGI_CC_SC","","","","","","","","","","","","","","","","","","","","","","","","","","","","","","","","","","","","","","","","","","","","","","","","","","","","","","","","","","","","","","","","","","",
"Tonga","TON","Control of Corruption - Governance score (0-100)","GOV_WGI_CC_SC","","","","","","","","","","","","","","","","","","","","","","","","","","","","","","","","","","","","","","","","","","","","","49.8061559","20.8978784","21.011646","26.4261796","34.9033909","35.3124804","43.146768","43.3609497","43.3042411","43.3085525","36.0301562","35.8337323","35.8700315","43.0719128","46.1344671","38.9674741","42.1528763","40.9166549","37.7965458","37.8410124","39.7740182","",
"Tonga","TON","Control of Corruption - Governance score (0-100)","GOV_WGI_CC_SC","","","","","","","","","","","","","","","","","","","","","","","","","","","","","","","","","","","","","","","","","","","","","49.8061559","20.8978784","21.011646","26.4261796","34.9033909","35.3124804","43.146768","43.3609497","43.3042411","43.3085525","36.0301562","35.8337323","35.8700315","43.0719128","46.1344671","38.9674741","42.1528763","40.9166549","37.7965458","37.8410124","39.7740182","",
"South Asia (IDA & IBRD)","TSA","Control of Corruption - Governance score (0-100)","GOV_WGI_CC_SC","","","","","","","","","","","","","","","","","","","","","","","","","","","","","","","","","","","","","","","","","","","","","","","","","","","","","","","","","","","","","","","","","","",
"South Asia (IDA & IBRD)","TSA","Control of Corruption - Governance score (0-100)","GOV_WGI_CC_SC","","","","","","","","","","","","","","","","","","","","","","","","","","","","","","","","","","","","","","","","","","","","","","","","","","","","","","","","","","","","","","","","","","",
"Sub-Saharan Africa (IDA & IBRD countries)","TSS","Control of Corruption - Governance score (0-100)","GOV_WGI_CC_SC","","","","","","","","","","","","","","","","","","","","","","","","","","","","","","","","","","","","","","","","","","","","","","","","","","","","","","","","","","","","","","","","","","",
"Sub-Saharan Africa (IDA & IBRD countries)","TSS","Control of Corruption - Governance score (0-100)","GOV_WGI_CC_SC","","","","","","","","","","","","","","","","","","","","","","","","","","","","","","","","","","","","","","","","","","","","","","","","","","","","","","","","","","","","","","","","","","",
"Trinidad and Tobago","TTO","Control of Corruption - Governance score (0-100)","GOV_WGI_CC_SC","","","","","","","","","","","","","","","","","","","","","","","","","","","","","","","","","","","","","65.020841","","60.9954131","","56.6124529","","52.9451423","51.8836904","51.1452508","51.4232481","47.8337459","47.0177145","46.5784793","47.3432976","45.4747044","46.0374352","45.7179105","44.6576852","39.3794035","41.9496351","42.6657563","42.6119259","42.2369778","43.7939526","43.9243425","43.1874474","41.8033738","41.454521","40.9763694","",
"Trinidad and Tobago","TTO","Control of Corruption - Governance score (0-100)","GOV_WGI_CC_SC","","","","","","","","","","","","","","","","","","","","","","","","","","","","","","","","","","","","","65.020841","","60.9954131","","56.6124529","","52.9451423","51.8836904","51.1452508","51.4232481","47.8337459","47.0177145","46.5784793","47.3432976","45.4747044","46.0374352","45.7179105","44.6576852","39.3794035","41.9496351","42.6657563","42.6119259","42.2369778","43.7939526","43.9243425","43.1874474","41.8033738","41.454521","40.9763694","",
"Tunisia","TUN","Control of Corruption - Governance score (0-100)","GOV_WGI_CC_SC","","","","","","","","","","","","","","","","","","","","","","","","","","","","","","","","","","","","","40.4340765","","40.4084527","","40.3335368","","46.8653747","43.1831461","44.7216343","42.1240219","46.6720964","45.5428293","41.8175894","42.0195756","43.9253546","48.8810733","47.8881572","47.6165219","48.1080288","47.5639344","46.6856501","46.8629437","47.8818985","47.2745634","47.4649148","44.9903163","43.8217705","43.9611436","43.3985605","",
"Tunisia","TUN","Control of Corruption - Governance score (0-100)","GOV_WGI_CC_SC","","","","","","","","","","","","","","","","","","","","","","","","","","","","","","","","","","","","","40.4340765","","40.4084527","","40.3335368","","46.8653747","43.1831461","44.7216343","42.1240219","46.6720964","45.5428293","41.8175894","42.0195756","43.9253546","48.8810733","47.8881572","47.6165219","48.1080288","47.5639344","46.6856501","46.8629437","47.8818985","47.2745634","47.4649148","44.9903163","43.8217705","43.9611436","43.3985605","",
"Turkiye","TUR","Control of Corruption - Governance score (0-100)","GOV_WGI_CC_SC","","","","","","","","","","","","","","","","","","","","","","","","","","","","","","","","","","","","","42.0076979","","35.9326547","","40.716375","","40.5247889","44.5387439","44.5260342","46.4075962","48.8677969","49.3714649","48.846693","48.4778457","48.8424342","48.7956216","51.0634993","50.688031","45.6504292","45.7015634","46.1425596","46.507721","43.1645279","44.2075641","41.2919795","39.7741275","39.101218","39.0000224","36.4544855","",
"Turkiye","TUR","Control of Corruption - Governance score (0-100)","GOV_WGI_CC_SC","","","","","","","","","","","","","","","","","","","","","","","","","","","","","","","","","","","","","42.0076979","","35.9326547","","40.716375","","40.5247889","44.5387439","44.5260342","46.4075962","48.8677969","49.3714649","48.846693","48.4778457","48.8424342","48.7956216","51.0634993","50.688031","45.6504292","45.7015634","46.1425596","46.507721","43.1645279","44.2075641","41.2919795","39.7741275","39.101218","39.0000224","36.4544855","",
"Tuvalu","TUV","Control of Corruption - Governance score (0-100)","GOV_WGI_CC_SC","","","","","","","","","","","","","","","","","","","","","","","","","","","","","","","","","","","","","","","","","","","","","61.2894861","46.8985283","47.0594627","45.7481533","45.778795","45.7777161","45.7962148","45.7498799","43.1775392","43.1827129","46.9270689","46.9811381","47.024708","46.993536","47.0465547","55.7950572","52.0083883","51.9726479","52.8058744","52.7637133","59.5688808","",
"Tuvalu","TUV","Control of Corruption - Governance score (0-100)","GOV_WGI_CC_SC","","","","","","","","","","","","","","","","","","","","","","","","","","","","","","","","","","","","","","","","","","","","","61.2894861","46.8985283","47.0594627","45.7481533","45.778795","45.7777161","45.7962148","45.7498799","43.1775392","43.1827129","46.9270689","46.9811381","47.024708","46.993536","47.0465547","55.7950572","52.0083883","51.9726479","52.8058744","52.7637133","59.5688808","",
"Tanzania","TZA","Control of Corruption - Governance score (0-100)","GOV_WGI_CC_SC","","","","","","","","","","","","","","","","","","","","","","","","","","","","","","","","","","","","","36.4929465","","33.2410771","","33.1661612","","32.5165274","33.286234","35.6095593","34.311913","43.4944386","41.5282529","40.8191069","40.2759415","37.8681948","37.1932489","35.3366144","34.6351602","35.0791481","36.0628361","39.0404144","40.7609874","40.9805534","42.1278253","42.7124555","40.7390577","40.5862442","40.8464795","41.9016869","",
"Tanzania","TZA","Control of Corruption - Governance score (0-100)","GOV_WGI_CC_SC","","","","","","","","","","","","","","","","","","","","","","","","","","","","","","","","","","","","","36.4929465","","33.2410771","","33.1661612","","32.5165274","33.286234","35.6095593","34.311913","43.4944386","41.5282529","40.8191069","40.2759415","37.8681948","37.1932489","35.3366144","34.6351602","35.0791481","36.0628361","39.0404144","40.7609874","40.9805534","42.1278253","42.7124555","40.7390577","40.5862442","40.8464795","41.9016869","",
"Uganda","UGA","Control of Corruption - Governance score (0-100)","GOV_WGI_CC_SC","","","","","","","","","","","","","","","","","","","","","","","","","","","","","","","","","","","","","34.0847828","","25.6463421","","24.9653844","","24.6321906","25.8305765","31.0101382","29.6951084","34.8256715","33.3590428","33.5379901","32.4847988","32.4609907","31.7845935","30.5132288","28.943599","27.8465867","27.3510497","27.720652","27.2725692","27.0135747","25.5389587","28.9058728","28.9849423","27.8358769","27.6802863","25.2618885","",
"Uganda","UGA","Control of Corruption - Governance score (0-100)","GOV_WGI_CC_SC","","","","","","","","","","","","","","","","","","","","","","","","","","","","","","","","","","","","","34.0847828","","25.6463421","","24.9653844","","24.6321906","25.8305765","31.0101382","29.6951084","34.8256715","33.3590428","33.5379901","32.4847988","32.4609907","31.7845935","30.5132288","28.943599","27.8465867","27.3510497","27.720652","27.2725692","27.0135747","25.5389587","28.9058728","28.9849423","27.8358769","27.6802863","25.2618885","",
"Ukraine","UKR","Control of Corruption - Governance score (0-100)","GOV_WGI_CC_SC","","","","","","","","","","","","","","","","","","","","","","","","","","","","","","","","","","","","","27.1098171","","23.1702559","","23.3532029","","21.2755369","20.7518661","25.3391828","29.1092719","29.4109861","28.5408613","28.0958086","25.7834056","25.1617962","25.032392","23.2567945","23.3732784","26.1794292","26.3254071","27.3081194","28.560451","27.821805","32.0220004","31.0350717","31.5787877","34.014237","33.1943435","34.2448063","",
"Ukraine","UKR","Control of Corruption - Governance score (0-100)","GOV_WGI_CC_SC","","","","","","","","","","","","","","","","","","","","","","","","","","","","","","","","","","","","","27.1098171","","23.1702559","","23.3532029","","21.2755369","20.7518661","25.3391828","29.1092719","29.4109861","28.5408613","28.0958086","25.7834056","25.1617962","25.032392","23.2567945","23.3732784","26.1794292","26.3254071","27.3081194","28.560451","27.821805","32.0220004","31.0350717","31.5787877","34.014237","33.1943435","34.2448063","",
"Upper middle income","UMC","Control of Corruption - Governance score (0-100)","GOV_WGI_CC_SC","","","","","","","","","","","","","","","","","","","","","","","","","","","","","","","","","","","","","","","","","","","","","","","","","","","","","","","","","","","","","","","","","","",
"Upper middle income","UMC","Control of Corruption - Governance score (0-100)","GOV_WGI_CC_SC","","","","","","","","","","","","","","","","","","","","","","","","","","","","","","","","","","","","","","","","","","","","","","","","","","","","","","","","","","","","","","","","","","",
"Uruguay","URY","Control of Corruption - Governance score (0-100)","GOV_WGI_CC_SC","","","","","","","","","","","","","","","","","","","","","","","","","","","","","","","","","","","","","67.9318429","","67.9062211","","66.2813785","","68.2727589","67.9789267","64.0361268","66.7796603","68.1436321","69.0956845","71.7268675","72.0644112","75.1032404","75.0952025","74.8116773","75.1162922","73.9272801","73.2994829","75.8982226","75.1096104","75.4388754","75.9687502","78.5101133","80.687647","80.5233263","79.216719","78.7823863","",
"Uruguay","URY","Control of Corruption - Governance score (0-100)","GOV_WGI_CC_SC","","","","","","","","","","","","","","","","","","","","","","","","","","","","","","","","","","","","","67.9318429","","67.9062211","","66.2813785","","68.2727589","67.9789267","64.0361268","66.7796603","68.1436321","69.0956845","71.7268675","72.0644112","75.1032404","75.0952025","74.8116773","75.1162922","73.9272801","73.2994829","75.8982226","75.1096104","75.4388754","75.9687502","78.5101133","80.687647","80.5233263","79.216719","78.7823863","",
"United States","USA","Control of Corruption - Governance score (0-100)","GOV_WGI_CC_SC","","","","","","","","","","","","","","","","","","","","","","","","","","","","","","","","","","","","","81.8522316","","80.4593954","","79.5552364","","84.7737692","78.75236","80.5431103","77.969464","74.0504195","72.8461474","74.641946","71.1052398","71.2821589","73.572859","73.42193","71.7540883","72.9380723","72.8887558","72.9954469","74.2866139","73.1653584","71.5773432","70.612324","70.6216776","72.192362","72.045619","69.8551773","",
"United States","USA","Control of Corruption - Governance score (0-100)","GOV_WGI_CC_SC","","","","","","","","","","","","","","","","","","","","","","","","","","","","","","","","","","","","","81.8522316","","80.4593954","","79.5552364","","84.7737692","78.75236","80.5431103","77.969464","74.0504195","72.8461474","74.641946","71.1052398","71.2821589","73.572859","73.42193","71.7540883","72.9380723","72.8887558","72.9954469","74.2866139","73.1653584","71.5773432","70.612324","70.6216776","72.192362","72.045619","69.8551773","",
"Uzbekistan","UZB","Control of Corruption - Governance score (0-100)","GOV_WGI_CC_SC","","","","","","","","","","","","","","","","","","","","","","","","","","","","","","","","","","","","","22.8316534","","24.3572781","","21.7278198","","25.7907168","25.4723823","22.6834085","18.7472559","23.2043325","23.1779355","23.1203402","20.060221","20.0860877","18.6609217","20.1481927","22.3463525","22.8357605","22.3694825","22.9918976","22.6572423","23.339386","25.1350328","30.9390945","32.8367302","33.7033634","33.6504136","32.586308","",
"Uzbekistan","UZB","Control of Corruption - Governance score (0-100)","GOV_WGI_CC_SC","","","","","","","","","","","","","","","","","","","","","","","","","","","","","","","","","","","","","22.8316534","","24.3572781","","21.7278198","","25.7907168","25.4723823","22.6834085","18.7472559","23.2043325","23.1779355","23.1203402","20.060221","20.0860877","18.6609217","20.1481927","22.3463525","22.8357605","22.3694825","22.9918976","22.6572423","23.339386","25.1350328","30.9390945","32.8367302","33.7033634","33.6504136","32.586308","",
"St. Vincent and the Grenadines","VCT","Control of Corruption - Governance score (0-100)","GOV_WGI_CC_SC","","","","","","","","","","","","","","","","","","","","","","","","","","","","","","","","","","","","","","","","","","","","","52.0894314","67.5568077","67.653208","67.5841561","67.6025111","67.6018633","71.3318215","71.2983946","71.2289318","71.2342108","60.1053159","61.5503145","61.5727259","62.0619375","63.09947","63.2425817","63.2520223","62.8358281","62.5172101","62.2517707","62.1255222","",
"St. Vincent and the Grenadines","VCT","Control of Corruption - Governance score (0-100)","GOV_WGI_CC_SC","","","","","","","","","","","","","","","","","","","","","","","","","","","","","","","","","","","","","","","","","","","","","52.0894314","67.5568077","67.653208","67.5841561","67.6025111","67.6018633","71.3318215","71.2983946","71.2289318","71.2342108","60.1053159","61.5503145","61.5727259","62.0619375","63.09947","63.2425817","63.2520223","62.8358281","62.5172101","62.2517707","62.1255222","",
"Venezuela, RB","VEN","Control of Corruption - Governance score (0-100)","GOV_WGI_CC_SC","","","","","","","","","","","","","","","","","","","","","","","","","","","","","","","","","","","","","32.0839637","","31.6264464","","34.5158121","","26.3206766","26.1409035","27.6280915","25.9925755","25.8718935","21.9065384","21.3903347","22.2604191","22.332981","25.0732819","22.2641658","21.4904878","18.9347593","19.0168387","19.1958791","18.4527496","15.57127","15.5726444","15.9071419","15.7847312","15.4068784","16.292816","15.7286763","",
"Venezuela, RB","VEN","Control of Corruption - Governance score (0-100)","GOV_WGI_CC_SC","","","","","","","","","","","","","","","","","","","","","","","","","","","","","","","","","","","","","32.0839637","","31.6264464","","34.5158121","","26.3206766","26.1409035","27.6280915","25.9925755","25.8718935","21.9065384","21.3903347","22.2604191","22.332981","25.0732819","22.2641658","21.4904878","18.9347593","19.0168387","19.1958791","18.4527496","15.57127","15.5726444","15.9071419","15.7847312","15.4068784","16.292816","15.7286763","",
"British Virgin Islands","VGB","Control of Corruption - Governance score (0-100)","GOV_WGI_CC_SC","","","","","","","","","","","","","","","","","","","","","","","","","","","","","","","","","","","","","","","","","","","","","","","","","","","","","","","","","","","","","","","","","","",
"British Virgin Islands","VGB","Control of Corruption - Governance score (0-100)","GOV_WGI_CC_SC","","","","","","","","","","","","","","","","","","","","","","","","","","","","","","","","","","","","","","","","","","","","","","","","","","","","","","","","","","","","","","","","","","",
"Virgin Islands (U.S.)","VIR","Control of Corruption - Governance score (0-100)","GOV_WGI_CC_SC","","","","","","","","","","","","","","","","","","","","","","","","","","","","","","","","","","","","","","","","","","","","","58.9928229","65.2440201","65.4096687","65.2910149","65.3225552","65.321444","65.3404832","65.2927921","65.1936875","65.2012194","58.797059","58.8757844","58.9392234","58.8938358","58.9710329","59.0773921","46.4724541","46.4204132","46.4025419","46.3411534","46.4002971","",
"Virgin Islands (U.S.)","VIR","Control of Corruption - Governance score (0-100)","GOV_WGI_CC_SC","","","","","","","","","","","","","","","","","","","","","","","","","","","","","","","","","","","","","","","","","","","","","58.9928229","65.2440201","65.4096687","65.2910149","65.3225552","65.321444","65.3404832","65.2927921","65.1936875","65.2012194","58.797059","58.8757844","58.9392234","58.8938358","58.9710329","59.0773921","46.4724541","46.4204132","46.4025419","46.3411534","46.4002971","",
"Viet Nam","VNM","Control of Corruption - Governance score (0-100)","GOV_WGI_CC_SC","","","","","","","","","","","","","","","","","","","","","","","","","","","","","","","","","","","","","33.7228135","","31.8423183","","32.5231949","","31.6425283","34.2081407","31.5614629","31.8395938","36.0888262","39.2357209","40.6493371","41.4500537","39.5234341","40.5919665","38.4917778","39.4151642","40.5285781","40.2154072","40.6349049","39.276038","39.8572899","40.5244914","41.5155594","41.5662482","42.8756812","41.6124232","42.7600555","",
"Viet Nam","VNM","Control of Corruption - Governance score (0-100)","GOV_WGI_CC_SC","","","","","","","","","","","","","","","","","","","","","","","","","","","","","","","","","","","","","33.7228135","","31.8423183","","32.5231949","","31.6425283","34.2081407","31.5614629","31.8395938","36.0888262","39.2357209","40.6493371","41.4500537","39.5234341","40.5919665","38.4917778","39.4151642","40.5285781","40.2154072","40.6349049","39.276038","39.8572899","40.5244914","41.5155594","41.5662482","42.8756812","41.6124232","42.7600555","",
"Vanuatu","VUT","Control of Corruption - Governance score (0-100)","GOV_WGI_CC_SC","","","","","","","","","","","","","","","","","","","","","","","","","","","","","","","","","","","","","51.212979","","51.0966226","","50.7564292","","50.5155954","50.4334411","46.0717527","54.1597011","54.2398859","56.191684","56.2062721","56.205758","56.0134593","55.9917402","56.1590061","56.7489395","57.4699288","45.9556837","45.4673749","46.5111701","44.0826394","44.1071337","47.3140729","47.1259561","45.1065129","44.1041136","44.8063653","",
"Vanuatu","VUT","Control of Corruption - Governance score (0-100)","GOV_WGI_CC_SC","","","","","","","","","","","","","","","","","","","","","","","","","","","","","","","","","","","","","51.212979","","51.0966226","","50.7564292","","50.5155954","50.4334411","46.0717527","54.1597011","54.2398859","56.191684","56.2062721","56.205758","56.0134593","55.9917402","56.1590061","56.7489395","57.4699288","45.9556837","45.4673749","46.5111701","44.0826394","44.1071337","47.3140729","47.1259561","45.1065129","44.1041136","44.8063653","",
"World","WLD","Control of Corruption - Governance score (0-100)","GOV_WGI_CC_SC","","","","","","","","","","","","","","","","","","","","","","","","","","","","","","","","","","","","","","","","","","","","","","","","","","","","","","","","","","","","","","","","","","",
"World","WLD","Control of Corruption - Governance score (0-100)","GOV_WGI_CC_SC","","","","","","","","","","","","","","","","","","","","","","","","","","","","","","","","","","","","","","","","","","","","","","","","","","","","","","","","","","","","","","","","","","",
"Samoa","WSM","Control of Corruption - Governance score (0-100)","GOV_WGI_CC_SC","","","","","","","","","","","","","","","","","","","","","","","","","","","","","","","","","","","","","47.0151357","","46.9246966","","46.6602713","","46.4730776","46.4092216","44.4472744","53.3586606","53.4724282","53.3909357","53.4125962","52.04104","51.5689932","51.5417036","51.4849969","51.4893063","51.4387632","51.4838087","51.6752329","60.3195159","60.3725365","60.4455822","64.2689611","63.3750969","63.3630998","64.4299764","61.7833047","",
"Samoa","WSM","Control of Corruption - Governance score (0-100)","GOV_WGI_CC_SC","","","","","","","","","","","","","","","","","","","","","","","","","","","","","","","","","","","","","47.0151357","","46.9246966","","46.6602713","","46.4730776","46.4092216","44.4472744","53.3586606","53.4724282","53.3909357","53.4125962","52.04104","51.5689932","51.5417036","51.4849969","51.4893063","51.4387632","51.4838087","51.6752329","60.3195159","60.3725365","60.4455822","64.2689611","63.3750969","63.3630998","64.4299764","61.7833047","",
"Kosovo","XKX","Control of Corruption - Governance score (0-100)","GOV_WGI_CC_SC","","","","","","","","","","","","","","","","","","","","","","","","","","","","","","","","","","","","","","","","","55.4474068","","54.2058296","50.9822053","49.7208318","42.817752","40.150614","39.9701344","36.5786269","39.390927","38.6443139","38.7553954","38.6451398","38.7108883","40.7764742","40.3571141","41.8207613","39.5772523","40.0081946","40.8818961","39.2807159","39.9218321","41.8811357","44.8584508","42.6987358","",
"Kosovo","XKX","Control of Corruption - Governance score (0-100)","GOV_WGI_CC_SC","","","","","","","","","","","","","","","","","","","","","","","","","","","","","","","","","","","","","","","","","55.4474068","","54.2058296","50.9822053","49.7208318","42.817752","40.150614","39.9701344","36.5786269","39.390927","38.6443139","38.7553954","38.6451398","38.7108883","40.7764742","40.3571141","41.8207613","39.5772523","40.0081946","40.8818961","39.2807159","39.9218321","41.8811357","44.8584508","42.6987358","",
"Yemen, Rep.","YEM","Control of Corruption - Governance score (0-100)","GOV_WGI_CC_SC","","","","","","","","","","","","","","","","","","","","","","","","","","","","","","","","","","","","","33.7639686","","29.7385407","","29.4707938","","26.1915114","25.3128182","24.2716362","26.060747","31.5127314","30.9122542","32.3339973","28.771465","26.5453536","25.0896918","22.4880939","23.2625856","17.458783","17.7859895","15.2635927","15.6510581","12.3707839","12.6001893","15.4740925","15.6288775","14.1267673","15.4261382","14.7421343","",
"Yemen, Rep.","YEM","Control of Corruption - Governance score (0-100)","GOV_WGI_CC_SC","","","","","","","","","","","","","","","","","","","","","","","","","","","","","","","","","","","","","33.7639686","","29.7385407","","29.4707938","","26.1915114","25.3128182","24.2716362","26.060747","31.5127314","30.9122542","32.3339973","28.771465","26.5453536","25.0896918","22.4880939","23.2625856","17.458783","17.7859895","15.2635927","15.6510581","12.3707839","12.6001893","15.4740925","15.6288775","14.1267673","15.4261382","14.7421343","",
"South Africa","ZAF","Control of Corruption - Governance score (0-100)","GOV_WGI_CC_SC","","","","","","","","","","","","","","","","","","","","","","","","","","","","","","","","","","","","","65.3860104","","62.2615332","","57.4225798","","51.9269465","50.6369819","52.3227313","54.7141087","57.1544422","54.0919892","51.0854756","49.9930561","49.7434234","50.0562259","47.2643576","47.1755317","47.5636975","48.0860951","48.4749937","46.238209","46.8965568","48.5628824","48.3743811","49.1616473","44.545875","43.6123698","43.9726469","",
"South Africa","ZAF","Control of Corruption - Governance score (0-100)","GOV_WGI_CC_SC","","","","","","","","","","","","","","","","","","","","","","","","","","","","","","","","","","","","","65.3860104","","62.2615332","","57.4225798","","51.9269465","50.6369819","52.3227313","54.7141087","57.1544422","54.0919892","51.0854756","49.9930561","49.7434234","50.0562259","47.2643576","47.1755317","47.5636975","48.0860951","48.4749937","46.238209","46.8965568","48.5628824","48.3743811","49.1616473","44.545875","43.6123698","43.9726469","",
"Zambia","ZMB","Control of Corruption - Governance score (0-100)","GOV_WGI_CC_SC","","","","","","","","","","","","","","","","","","","","","","","","","","","","","","","","","","","","","31.1433234","","31.1865675","","29.0837149","","31.624825","31.4715359","35.5974164","35.6302664","39.9187088","40.8265436","40.853141","41.5996083","40.3848308","42.3159947","42.4033248","41.6776374","39.9524615","39.8558608","39.2758376","38.4615167","35.3753648","34.7874778","35.607183","33.8295633","39.3922973","39.7962677","38.6078994","",
"Zambia","ZMB","Control of Corruption - Governance score (0-100)","GOV_WGI_CC_SC","","","","","","","","","","","","","","","","","","","","","","","","","","","","","","","","","","","","","31.1433234","","31.1865675","","29.0837149","","31.624825","31.4715359","35.5974164","35.6302664","39.9187088","40.8265436","40.853141","41.5996083","40.3848308","42.3159947","42.4033248","41.6776374","39.9524615","39.8558608","39.2758376","38.4615167","35.3753648","34.7874778","35.607183","33.8295633","39.3922973","39.7962677","38.6078994","",
"Zimbabwe","ZWE","Control of Corruption - Governance score (0-100)","GOV_WGI_CC_SC","","","","","","","","","","","","","","","","","","","","","","","","","","","","","","","","","","","","","39.8267515","","34.0777448","","22.0038718","","20.1781583","19.1558049","19.3792593","17.5138198","20.0762503","19.455995","16.7771595","16.558476","18.1257922","18.3997634","20.9558583","19.5627246","17.5459168","21.4816483","21.5326125","21.6969454","21.3155908","21.8772428","24.112562","23.8325326","23.5958483","23.7378325","22.5194258","",
"Zimbabwe","ZWE","Control of Corruption - Governance score (0-100)","GOV_WGI_CC_SC","","","","","","","","","","","","","","","","","","","","","","","","","","","","","","","","","","","","","39.8267515","","34.0777448","","22.0038718","","20.1781583","19.1558049","19.3792593","17.5138198","20.0762503","19.455995","16.7771595","16.558476","18.1257922","18.3997634","20.9558583","19.5627246","17.5459168","21.4816483","21.5326125","21.6969454","21.3155908","21.8772428","24.112562","23.8325326","23.5958483","23.7378325","22.5194258","",
